-- MySQL dump 10.13  Distrib 8.0.24, for Linux (x86_64)
--
-- Host: localhost    Database: xxl_job
-- ------------------------------------------------------
-- Server version	8.0.24

/*!40101 SET @OLD_CHARACTER_SET_CLIENT=@@CHARACTER_SET_CLIENT */;
/*!40101 SET @OLD_CHARACTER_SET_RESULTS=@@CHARACTER_SET_RESULTS */;
/*!40101 SET @OLD_COLLATION_CONNECTION=@@COLLATION_CONNECTION */;
/*!50503 SET NAMES utf8mb4 */;
/*!40103 SET @OLD_TIME_ZONE=@@TIME_ZONE */;
/*!40103 SET TIME_ZONE='+00:00' */;
/*!40014 SET @OLD_UNIQUE_CHECKS=@@UNIQUE_CHECKS, UNIQUE_CHECKS=0 */;
/*!40014 SET @OLD_FOREIGN_KEY_CHECKS=@@FOREIGN_KEY_CHECKS, FOREIGN_KEY_CHECKS=0 */;
/*!40101 SET @OLD_SQL_MODE=@@SQL_MODE, SQL_MODE='NO_AUTO_VALUE_ON_ZERO' */;
/*!40111 SET @OLD_SQL_NOTES=@@SQL_NOTES, SQL_NOTES=0 */;

--
-- Table structure for table `xxl_job_group`
--

DROP TABLE IF EXISTS `xxl_job_group`;
/*!40101 SET @saved_cs_client     = @@character_set_client */;
/*!50503 SET character_set_client = utf8mb4 */;
CREATE TABLE `xxl_job_group` (
  `id` int NOT NULL AUTO_INCREMENT,
  `app_name` varchar(64) NOT NULL COMMENT '执行器AppName',
  `title` varchar(12) NOT NULL COMMENT '执行器名称',
  `address_type` tinyint NOT NULL DEFAULT '0' COMMENT '执行器地址类型：0=自动注册、1=手动录入',
  `address_list` text COMMENT '执行器地址列表，多地址逗号分隔',
  `update_time` datetime DEFAULT NULL,
  PRIMARY KEY (`id`)
) ENGINE=InnoDB AUTO_INCREMENT=4 DEFAULT CHARSET=utf8mb4 COLLATE=utf8mb4_0900_ai_ci;
/*!40101 SET character_set_client = @saved_cs_client */;

--
-- Dumping data for table `xxl_job_group`
--

LOCK TABLES `xxl_job_group` WRITE;
/*!40000 ALTER TABLE `xxl_job_group` DISABLE KEYS */;
INSERT INTO `xxl_job_group` VALUES (1,'xxl-job-executor-sample','通用执行器Sample',0,NULL,'2025-07-11 17:49:26'),(2,'xxl-job-executor-sample-ai','AI执行器Sample',0,NULL,'2025-07-11 17:49:26'),(3,'xxl-job-executor-common','通用任务执行器',0,'http://172.16.85.134:9099/','2025-07-11 17:49:26');
/*!40000 ALTER TABLE `xxl_job_group` ENABLE KEYS */;
UNLOCK TABLES;

--
-- Table structure for table `xxl_job_info`
--

DROP TABLE IF EXISTS `xxl_job_info`;
/*!40101 SET @saved_cs_client     = @@character_set_client */;
/*!50503 SET character_set_client = utf8mb4 */;
CREATE TABLE `xxl_job_info` (
  `id` int NOT NULL AUTO_INCREMENT,
  `job_group` int NOT NULL COMMENT '执行器主键ID',
  `job_desc` varchar(255) NOT NULL,
  `add_time` datetime DEFAULT NULL,
  `update_time` datetime DEFAULT NULL,
  `author` varchar(64) DEFAULT NULL COMMENT '作者',
  `alarm_url` varchar(255) DEFAULT NULL COMMENT '报警地址',
  `alarm_type` tinyint(1) DEFAULT '0' COMMENT '报警类型(0:不报警;1:邮件;2:企业微信;3:飞书;4:钉钉;5:webhook)',
  `schedule_type` varchar(50) NOT NULL DEFAULT 'NONE' COMMENT '调度类型',
  `schedule_conf` varchar(128) DEFAULT NULL COMMENT '调度配置，值含义取决于调度类型',
  `misfire_strategy` varchar(50) NOT NULL DEFAULT 'DO_NOTHING' COMMENT '调度过期策略',
  `executor_route_strategy` varchar(50) DEFAULT NULL COMMENT '执行器路由策略',
  `executor_handler` varchar(255) DEFAULT NULL COMMENT '执行器任务handler',
  `executor_param` varchar(512) DEFAULT NULL COMMENT '执行器任务参数',
  `executor_block_strategy` varchar(50) DEFAULT NULL COMMENT '阻塞处理策略',
  `executor_timeout` int NOT NULL DEFAULT '0' COMMENT '任务执行超时时间，单位秒',
  `executor_fail_retry_count` int NOT NULL DEFAULT '0' COMMENT '失败重试次数',
  `executor_fail_stop` tinyint(1) DEFAULT '1' COMMENT '失败后停止任务字段,为true时,失败后停止任务',
  `glue_type` varchar(50) NOT NULL COMMENT 'GLUE类型',
  `glue_source` mediumtext COMMENT 'GLUE源代码',
  `glue_remark` varchar(128) DEFAULT NULL COMMENT 'GLUE备注',
  `glue_updatetime` datetime DEFAULT NULL COMMENT 'GLUE更新时间',
  `child_jobid` varchar(255) DEFAULT NULL COMMENT '子任务ID，多个逗号分隔',
  `trigger_status` tinyint NOT NULL DEFAULT '0' COMMENT '调度状态：0-停止，1-运行',
  `trigger_last_time` bigint NOT NULL DEFAULT '0' COMMENT '上次调度时间',
  `trigger_next_time` bigint NOT NULL DEFAULT '0' COMMENT '下次调度时间',
  `end_time` bigint NOT NULL DEFAULT '0' COMMENT '任务结束时间',
  PRIMARY KEY (`id`),
  KEY `trigger_status_trigger_next_time_index` (`trigger_status`,`trigger_next_time`)
) ENGINE=InnoDB AUTO_INCREMENT=12 DEFAULT CHARSET=utf8mb4 COLLATE=utf8mb4_0900_ai_ci;
/*!40101 SET character_set_client = @saved_cs_client */;

--
-- Dumping data for table `xxl_job_info`
--

LOCK TABLES `xxl_job_info` WRITE;
/*!40000 ALTER TABLE `xxl_job_info` DISABLE KEYS */;
INSERT INTO `xxl_job_info` VALUES (1,1,'示例任务01','2025-06-24 14:33:03','2025-07-11 09:44:00','XXL','https://open.feishu.cn/open-apis/bot/v2/hook/4eda45fb-5b02-4115-b886-c8be025fdf40',3,'FIX_RATE','30','DO_NOTHING','FIRST','demoJobErrHandler','','SERIAL_EXECUTION',0,0,1,'BEAN','','GLUE代码初始化','2025-06-24 14:33:03','',0,1752138015215,0,1752138310215),(2,2,'Ollama示例任务01','2025-06-24 14:33:03','2025-06-24 14:33:03','XXL','',0,'NONE','','DO_NOTHING','FIRST','ollamaJobHandler','{\n    \"input\": \"慢SQL问题分析思路\",\n    \"prompt\": \"你是一个研发工程师，擅长解决技术类问题。\"\n}','SERIAL_EXECUTION',0,0,1,'BEAN','','GLUE代码初始化','2025-06-24 14:33:03','',0,0,0,0),(3,2,'Dify示例任务','2025-06-24 14:33:03','2025-06-24 14:33:03','XXL','',0,'NONE','','DO_NOTHING','FIRST','difyWorkflowJobHandler','{\n    \"inputs\":{\n        \"input\":\"查询班级各学科前三名\"\n    },\n    \"user\": \"xxl-job\",\n    \"baseUrl\": \"http://localhost/v1\",\n    \"apiKey\": \"app-OUVgNUOQRIMokfmuJvBJoUTN\"\n}','SERIAL_EXECUTION',0,0,1,'BEAN','','GLUE代码初始化','2025-06-24 14:33:03','',0,0,0,0),(4,3,'示例任务02-邮件告警','2025-06-26 16:16:45','2025-07-09 09:36:01','Daoy','daoyang.li@icloud.com',1,'FIX_RATE','30','DO_NOTHING','FIRST','demoJobHandler','','SERIAL_EXECUTION',0,0,1,'BEAN','','GLUE代码初始化','2025-06-26 16:16:45','',0,1752024932375,0,1752024950000),(7,1,'示例任务02','2025-07-09 17:28:43','2025-07-11 09:33:10','XXL','haizhikuo@qq.com,daoyang.li@icloud.com',1,'NONE','','DO_NOTHING','FIRST','demoJobErrHandler','','SERIAL_EXECUTION',0,0,1,'BEAN','','GLUE代码初始化','2025-07-09 17:28:43','',0,1752134135973,0,0),(8,3,'修改会员状态任务','2025-07-11 17:22:11','2025-07-11 17:24:19','SYSTEM',NULL,0,'NONE',NULL,'DO_NOTHING','LEAST_FREQUENTLY_USED','umsMemberStatusUpdate','{\"memberId\":1,\"status\":0}','SERIAL_EXECUTION',0,1,1,'BEAN',NULL,NULL,'2025-07-11 17:22:11',NULL,0,1752225850522,0,0),(9,3,'修改会员状态任务','2025-07-11 17:27:27','2025-07-11 17:40:23','SYSTEM','',0,'NONE','','DO_NOTHING','LEAST_FREQUENTLY_USED','umsMemberStatusUpdate','{\"memberId\":1,\"status\":0}','SERIAL_EXECUTION',0,1,1,'BEAN',NULL,NULL,'2025-07-11 17:27:27','',0,1752226915566,0,0),(10,3,'修改会员状态任务','2025-07-11 17:41:56','2025-07-11 17:41:56','SYSTEM',NULL,0,'NONE',NULL,'DO_NOTHING','LEAST_FREQUENTLY_USED','umsMemberStatusUpdate','{\"memberId\":1,\"status\":0}','SERIAL_EXECUTION',0,1,1,'BEAN',NULL,NULL,'2025-07-11 17:41:56',NULL,0,1752227035584,0,0);
/*!40000 ALTER TABLE `xxl_job_info` ENABLE KEYS */;
UNLOCK TABLES;

--
-- Table structure for table `xxl_job_lock`
--

DROP TABLE IF EXISTS `xxl_job_lock`;
/*!40101 SET @saved_cs_client     = @@character_set_client */;
/*!50503 SET character_set_client = utf8mb4 */;
CREATE TABLE `xxl_job_lock` (
  `lock_name` varchar(50) NOT NULL COMMENT '锁名称',
  PRIMARY KEY (`lock_name`)
) ENGINE=InnoDB DEFAULT CHARSET=utf8mb4 COLLATE=utf8mb4_0900_ai_ci;
/*!40101 SET character_set_client = @saved_cs_client */;

--
-- Dumping data for table `xxl_job_lock`
--

LOCK TABLES `xxl_job_lock` WRITE;
/*!40000 ALTER TABLE `xxl_job_lock` DISABLE KEYS */;
INSERT INTO `xxl_job_lock` VALUES ('schedule_lock');
/*!40000 ALTER TABLE `xxl_job_lock` ENABLE KEYS */;
UNLOCK TABLES;

--
-- Table structure for table `xxl_job_log`
--

DROP TABLE IF EXISTS `xxl_job_log`;
/*!40101 SET @saved_cs_client     = @@character_set_client */;
/*!50503 SET character_set_client = utf8mb4 */;
CREATE TABLE `xxl_job_log` (
  `id` bigint NOT NULL AUTO_INCREMENT,
  `job_group` int NOT NULL COMMENT '执行器主键ID',
  `job_id` int NOT NULL COMMENT '任务，主键ID',
  `executor_address` varchar(255) DEFAULT NULL COMMENT '执行器地址，本次执行的地址',
  `executor_handler` varchar(255) DEFAULT NULL COMMENT '执行器任务handler',
  `executor_param` varchar(512) DEFAULT NULL COMMENT '执行器任务参数',
  `executor_sharding_param` varchar(20) DEFAULT NULL COMMENT '执行器任务分片参数，格式如 1/2',
  `executor_fail_retry_count` int NOT NULL DEFAULT '0' COMMENT '失败重试次数',
  `executor_fail_stop` tinyint(1) DEFAULT '1' COMMENT '执行失败是否停止',
  `trigger_time` datetime DEFAULT NULL COMMENT '调度-时间',
  `trigger_code` int NOT NULL COMMENT '调度-结果',
  `trigger_msg` text COMMENT '调度-日志',
  `handle_time` datetime DEFAULT NULL COMMENT '执行-时间',
  `handle_code` int NOT NULL COMMENT '执行-状态',
  `handle_msg` text COMMENT '执行-日志',
  `alarm_status` tinyint NOT NULL DEFAULT '0' COMMENT '告警状态：0-默认、1-无需告警、2-告警成功、3-告警失败',
  PRIMARY KEY (`id`),
  KEY `I_trigger_time` (`trigger_time`),
  KEY `I_handle_code` (`handle_code`),
  KEY `I_jobid_jobgroup` (`job_id`,`job_group`),
  KEY `I_job_id` (`job_id`)
) ENGINE=InnoDB AUTO_INCREMENT=65 DEFAULT CHARSET=utf8mb4 COLLATE=utf8mb4_0900_ai_ci;
/*!40101 SET character_set_client = @saved_cs_client */;

--
-- Dumping data for table `xxl_job_log`
--

LOCK TABLES `xxl_job_log` WRITE;
/*!40000 ALTER TABLE `xxl_job_log` DISABLE KEYS */;
INSERT INTO `xxl_job_log` VALUES (1,1,1,'http://172.16.85.134:9999/','demoJobHandler','',NULL,0,1,'2025-06-25 10:19:12',200,'任务触发类型：手动触发<br>调度机器：172.16.85.134<br>执行器-注册方式：自动注册<br>执行器-地址列表：[http://172.16.85.134:9999/]<br>路由策略：第一个<br>阻塞处理策略：单机串行<br>任务超时时间：0<br>失败重试次数：0<br><br><span style=\"color:#00c0ef;\" > &gt;&gt;&gt;&gt;&gt;&gt;&gt;&gt;&gt;&gt;触发调度&lt;&lt;&lt;&lt;&lt;&lt;&lt;&lt;&lt;&lt; </span><br>触发调度：<br>address：http://172.16.85.134:9999/<br>code：200<br>msg：null','2025-06-25 10:19:23',200,'',0),(2,1,1,'http://172.16.85.134:9999/','demoJobHandler','',NULL,0,1,'2025-06-25 10:32:44',200,'任务触发类型：手动触发<br>调度机器：172.16.85.134<br>执行器-注册方式：自动注册<br>执行器-地址列表：[http://172.16.85.134:9999/]<br>路由策略：第一个<br>阻塞处理策略：单机串行<br>任务超时时间：0<br>失败重试次数：0<br><br><span style=\"color:#00c0ef;\" > &gt;&gt;&gt;&gt;&gt;&gt;&gt;&gt;&gt;&gt;触发调度&lt;&lt;&lt;&lt;&lt;&lt;&lt;&lt;&lt;&lt; </span><br>触发调度：<br>address：http://172.16.85.134:9999/<br>code：200<br>msg：null','2025-06-25 10:33:01',200,'',0),(3,1,4,'http://172.16.85.134:9999/','demoJobErrHandler','测试',NULL,0,1,'2025-06-26 16:17:49',200,'任务触发类型：手动触发<br>调度机器：172.16.85.134<br>执行器-注册方式：自动注册<br>执行器-地址列表：[http://172.16.85.134:9999/]<br>路由策略：第一个<br>阻塞处理策略：单机串行<br>任务超时时间：0<br>失败重试次数：0<br><br><span style=\"color:#00c0ef;\" > &gt;&gt;&gt;&gt;&gt;&gt;&gt;&gt;&gt;&gt;触发调度&lt;&lt;&lt;&lt;&lt;&lt;&lt;&lt;&lt;&lt; </span><br>触发调度：<br>address：http://172.16.85.134:9999/<br>code：200<br>msg：null','2025-06-26 16:17:50',500,'java.lang.reflect.InvocationTargetException\n	at java.base/jdk.internal.reflect.DirectMethodHandleAccessor.invoke(DirectMethodHandleAccessor.java:118)\n	at java.base/java.lang.reflect.Method.invoke(Method.java:580)\n	at com.xxl.job.core.handler.impl.MethodJobHandler.execute(MethodJobHandler.java:31)\n	at com.xxl.job.core.thread.JobThread.run(JobThread.java:166)\nCaused by: java.lang.RuntimeException: 测试异常\n	at com.xxl.job.executor.service.jobhandler.SampleXxlJob.demoJobErrHandler(SampleXxlJob.java:60)\n	at java.base/jdk.internal.reflect.DirectMethodHandleAccessor.invoke(DirectMethodHandleAccessor.java:103)\n	... 3 more\n',2),(4,1,4,'http://172.16.85.134:9999/','demoJobErrHandler','',NULL,0,1,'2025-06-26 16:36:11',200,'任务触发类型：手动触发<br>调度机器：172.16.85.134<br>执行器-注册方式：自动注册<br>执行器-地址列表：[http://172.16.85.134:9999/]<br>路由策略：第一个<br>阻塞处理策略：单机串行<br>任务超时时间：0<br>失败重试次数：0<br><br><span style=\"color:#00c0ef;\" > &gt;&gt;&gt;&gt;&gt;&gt;&gt;&gt;&gt;&gt;触发调度&lt;&lt;&lt;&lt;&lt;&lt;&lt;&lt;&lt;&lt; </span><br>触发调度：<br>address：http://172.16.85.134:9999/<br>code：200<br>msg：null','2025-06-26 16:36:11',500,'java.lang.reflect.InvocationTargetException\n	at java.base/jdk.internal.reflect.DirectMethodHandleAccessor.invoke(DirectMethodHandleAccessor.java:118)\n	at java.base/java.lang.reflect.Method.invoke(Method.java:580)\n	at com.xxl.job.core.handler.impl.MethodJobHandler.execute(MethodJobHandler.java:31)\n	at com.xxl.job.core.thread.JobThread.run(JobThread.java:166)\nCaused by: java.lang.RuntimeException: 测试异常\n	at com.xxl.job.executor.service.jobhandler.SampleXxlJob.demoJobErrHandler(SampleXxlJob.java:60)\n	at java.base/jdk.internal.reflect.DirectMethodHandleAccessor.invoke(DirectMethodHandleAccessor.java:103)\n	... 3 more\n',2),(5,1,4,'http://172.16.85.134:9999/','demoJobErrHandler','',NULL,0,1,'2025-06-26 16:41:39',200,'任务触发类型：手动触发<br>调度机器：172.16.85.134<br>执行器-注册方式：自动注册<br>执行器-地址列表：[http://172.16.85.134:9999/]<br>路由策略：第一个<br>阻塞处理策略：单机串行<br>任务超时时间：0<br>失败重试次数：0<br><br><span style=\"color:#00c0ef;\" > &gt;&gt;&gt;&gt;&gt;&gt;&gt;&gt;&gt;&gt;触发调度&lt;&lt;&lt;&lt;&lt;&lt;&lt;&lt;&lt;&lt; </span><br>触发调度：<br>address：http://172.16.85.134:9999/<br>code：200<br>msg：null','2025-06-26 16:41:39',500,'java.lang.reflect.InvocationTargetException\n	at java.base/jdk.internal.reflect.DirectMethodHandleAccessor.invoke(DirectMethodHandleAccessor.java:118)\n	at java.base/java.lang.reflect.Method.invoke(Method.java:580)\n	at com.xxl.job.core.handler.impl.MethodJobHandler.execute(MethodJobHandler.java:31)\n	at com.xxl.job.core.thread.JobThread.run(JobThread.java:166)\nCaused by: java.lang.RuntimeException: 测试异常\n	at com.xxl.job.executor.service.jobhandler.SampleXxlJob.demoJobErrHandler(SampleXxlJob.java:60)\n	at java.base/jdk.internal.reflect.DirectMethodHandleAccessor.invoke(DirectMethodHandleAccessor.java:103)\n	... 3 more\n',2),(6,1,4,'http://172.16.85.134:9999/','demoJobErrHandler','',NULL,0,1,'2025-06-26 16:44:02',200,'任务触发类型：手动触发<br>调度机器：172.16.85.134<br>执行器-注册方式：自动注册<br>执行器-地址列表：[http://172.16.85.134:9999/]<br>路由策略：第一个<br>阻塞处理策略：单机串行<br>任务超时时间：0<br>失败重试次数：0<br><br><span style=\"color:#00c0ef;\" > &gt;&gt;&gt;&gt;&gt;&gt;&gt;&gt;&gt;&gt;触发调度&lt;&lt;&lt;&lt;&lt;&lt;&lt;&lt;&lt;&lt; </span><br>触发调度：<br>address：http://172.16.85.134:9999/<br>code：200<br>msg：null','2025-06-26 16:44:02',500,'java.lang.reflect.InvocationTargetException\n	at java.base/jdk.internal.reflect.DirectMethodHandleAccessor.invoke(DirectMethodHandleAccessor.java:118)\n	at java.base/java.lang.reflect.Method.invoke(Method.java:580)\n	at com.xxl.job.core.handler.impl.MethodJobHandler.execute(MethodJobHandler.java:31)\n	at com.xxl.job.core.thread.JobThread.run(JobThread.java:166)\nCaused by: java.lang.RuntimeException: 测试异常\n	at com.xxl.job.executor.service.jobhandler.SampleXxlJob.demoJobErrHandler(SampleXxlJob.java:60)\n	at java.base/jdk.internal.reflect.DirectMethodHandleAccessor.invoke(DirectMethodHandleAccessor.java:103)\n	... 3 more\n',2),(7,1,4,'http://172.16.85.134:9999/','demoJobErrHandler1','',NULL,0,1,'2025-06-26 16:46:53',500,'任务触发类型：手动触发<br>调度机器：172.16.85.134<br>执行器-注册方式：自动注册<br>执行器-地址列表：[http://172.16.85.134:9999/]<br>路由策略：第一个<br>阻塞处理策略：单机串行<br>任务超时时间：0<br>失败重试次数：0<br><br><span style=\"color:#00c0ef;\" > &gt;&gt;&gt;&gt;&gt;&gt;&gt;&gt;&gt;&gt;触发调度&lt;&lt;&lt;&lt;&lt;&lt;&lt;&lt;&lt;&lt; </span><br>触发调度：<br>address：http://172.16.85.134:9999/<br>code：500<br>msg：job handler [demoJobErrHandler1] not found.',NULL,0,NULL,2),(8,1,4,'http://172.16.85.134:9999/','demoJobErrHandler','',NULL,0,1,'2025-06-26 17:04:03',200,'任务触发类型：手动触发<br>调度机器：172.16.85.134<br>执行器-注册方式：自动注册<br>执行器-地址列表：[http://172.16.85.134:9999/]<br>路由策略：第一个<br>阻塞处理策略：单机串行<br>任务超时时间：0<br>失败重试次数：0<br><br><span style=\"color:#00c0ef;\" > &gt;&gt;&gt;&gt;&gt;&gt;&gt;&gt;&gt;&gt;触发调度&lt;&lt;&lt;&lt;&lt;&lt;&lt;&lt;&lt;&lt; </span><br>触发调度：<br>address：http://172.16.85.134:9999/<br>code：200<br>msg：null','2025-06-26 17:04:03',500,'java.lang.reflect.InvocationTargetException\n	at java.base/jdk.internal.reflect.DirectMethodHandleAccessor.invoke(DirectMethodHandleAccessor.java:118)\n	at java.base/java.lang.reflect.Method.invoke(Method.java:580)\n	at com.xxl.job.core.handler.impl.MethodJobHandler.execute(MethodJobHandler.java:31)\n	at com.xxl.job.core.thread.JobThread.run(JobThread.java:166)\nCaused by: java.lang.RuntimeException: 测试异常\n	at com.xxl.job.executor.service.jobhandler.SampleXxlJob.demoJobErrHandler(SampleXxlJob.java:60)\n	at java.base/jdk.internal.reflect.DirectMethodHandleAccessor.invoke(DirectMethodHandleAccessor.java:103)\n	... 3 more\n',2),(9,1,4,'http://172.16.85.134:9999/','demoJobErrHandler','',NULL,0,1,'2025-06-26 17:21:59',200,'任务触发类型：手动触发<br>调度机器：172.16.85.134<br>执行器-注册方式：自动注册<br>执行器-地址列表：[http://172.16.85.134:9999/]<br>路由策略：第一个<br>阻塞处理策略：单机串行<br>任务超时时间：0<br>失败重试次数：0<br><br><span style=\"color:#00c0ef;\" > &gt;&gt;&gt;&gt;&gt;&gt;&gt;&gt;&gt;&gt;触发调度&lt;&lt;&lt;&lt;&lt;&lt;&lt;&lt;&lt;&lt; </span><br>触发调度：<br>address：http://172.16.85.134:9999/<br>code：200<br>msg：null','2025-06-26 17:23:13',500,'java.lang.reflect.InvocationTargetException\n	at java.base/jdk.internal.reflect.DirectMethodHandleAccessor.invoke(DirectMethodHandleAccessor.java:118)\n	at java.base/java.lang.reflect.Method.invoke(Method.java:580)\n	at com.xxl.job.core.handler.impl.MethodJobHandler.execute(MethodJobHandler.java:31)\n	at com.xxl.job.core.thread.JobThread.run(JobThread.java:166)\nCaused by: java.lang.RuntimeException: 测试异常\n	at com.xxl.job.executor.service.jobhandler.SampleXxlJob.demoJobErrHandler(SampleXxlJob.java:60)\n	at java.base/jdk.internal.reflect.DirectMethodHandleAccessor.invoke(DirectMethodHandleAccessor.java:103)\n	... 3 more\n',2),(10,1,4,'http://172.16.85.134:9999/','demoJobErrHandler','',NULL,0,1,'2025-06-26 17:31:42',200,'任务触发类型：手动触发<br>调度机器：172.16.85.134<br>执行器-注册方式：自动注册<br>执行器-地址列表：[http://172.16.85.134:9999/]<br>路由策略：第一个<br>阻塞处理策略：单机串行<br>任务超时时间：0<br>失败重试次数：0<br><br><span style=\"color:#00c0ef;\" > &gt;&gt;&gt;&gt;&gt;&gt;&gt;&gt;&gt;&gt;触发调度&lt;&lt;&lt;&lt;&lt;&lt;&lt;&lt;&lt;&lt; </span><br>触发调度：<br>address：http://172.16.85.134:9999/<br>code：200<br>msg：null','2025-06-26 17:31:43',500,'java.lang.reflect.InvocationTargetException\n	at java.base/jdk.internal.reflect.DirectMethodHandleAccessor.invoke(DirectMethodHandleAccessor.java:118)\n	at java.base/java.lang.reflect.Method.invoke(Method.java:580)\n	at com.xxl.job.core.handler.impl.MethodJobHandler.execute(MethodJobHandler.java:31)\n	at com.xxl.job.core.thread.JobThread.run(JobThread.java:166)\nCaused by: java.lang.RuntimeException: 测试异常\n	at com.xxl.job.executor.service.jobhandler.SampleXxlJob.demoJobErrHandler(SampleXxlJob.java:60)\n	at java.base/jdk.internal.reflect.DirectMethodHandleAccessor.invoke(DirectMethodHandleAccessor.java:103)\n	... 3 more\n',2),(11,1,4,'http://172.16.85.134:9999/','demoJobErrHandler','',NULL,0,1,'2025-06-26 17:37:27',200,'任务触发类型：手动触发<br>调度机器：172.16.85.134<br>执行器-注册方式：自动注册<br>执行器-地址列表：[http://172.16.85.134:9999/]<br>路由策略：第一个<br>阻塞处理策略：单机串行<br>任务超时时间：0<br>失败重试次数：0<br><br><span style=\"color:#00c0ef;\" > &gt;&gt;&gt;&gt;&gt;&gt;&gt;&gt;&gt;&gt;触发调度&lt;&lt;&lt;&lt;&lt;&lt;&lt;&lt;&lt;&lt; </span><br>触发调度：<br>address：http://172.16.85.134:9999/<br>code：200<br>msg：Success','2025-06-26 17:37:27',500,'java.lang.reflect.InvocationTargetException\n	at java.base/jdk.internal.reflect.DirectMethodHandleAccessor.invoke(DirectMethodHandleAccessor.java:118)\n	at java.base/java.lang.reflect.Method.invoke(Method.java:580)\n	at com.xxl.job.core.handler.impl.MethodJobHandler.execute(MethodJobHandler.java:31)\n	at com.xxl.job.core.thread.JobThread.run(JobThread.java:166)\nCaused by: java.lang.RuntimeException: 测试异常\n	at com.xxl.job.executor.service.jobhandler.SampleXxlJob.demoJobErrHandler(SampleXxlJob.java:60)\n	at java.base/jdk.internal.reflect.DirectMethodHandleAccessor.invoke(DirectMethodHandleAccessor.java:103)\n	... 3 more\n',2),(12,1,4,'http://172.16.85.134:9999/','demoJobErrHandler','',NULL,0,1,'2025-06-26 17:41:10',200,'任务触发类型：手动触发<br>调度机器：172.16.85.134<br>执行器-注册方式：自动注册<br>执行器-地址列表：[http://172.16.85.134:9999/]<br>路由策略：第一个<br>阻塞处理策略：单机串行<br>任务超时时间：0<br>失败重试次数：0<br><br><span style=\"color:#00c0ef;\" > &gt;&gt;&gt;&gt;&gt;&gt;&gt;&gt;&gt;&gt;触发调度&lt;&lt;&lt;&lt;&lt;&lt;&lt;&lt;&lt;&lt; </span><br>触发调度：<br>address：http://172.16.85.134:9999/<br>code：200<br>msg：Success','2025-06-26 17:41:10',500,'java.lang.reflect.InvocationTargetException\n	at java.base/jdk.internal.reflect.DirectMethodHandleAccessor.invoke(DirectMethodHandleAccessor.java:118)\n	at java.base/java.lang.reflect.Method.invoke(Method.java:580)\n	at com.xxl.job.core.handler.impl.MethodJobHandler.execute(MethodJobHandler.java:31)\n	at com.xxl.job.core.thread.JobThread.run(JobThread.java:166)\nCaused by: java.lang.RuntimeException: 测试异常\n	at com.xxl.job.executor.service.jobhandler.SampleXxlJob.demoJobErrHandler(SampleXxlJob.java:60)\n	at java.base/jdk.internal.reflect.DirectMethodHandleAccessor.invoke(DirectMethodHandleAccessor.java:103)\n	... 3 more\n',2),(18,1,1,'http://172.16.85.134:9999/','demoJobHandler','',NULL,0,1,'2025-06-27 14:11:51',500,'任务触发类型：手动触发<br>调度机器：172.16.85.134<br>执行器-注册方式：自动注册<br>执行器-地址列表：[http://172.16.85.134:9999/]<br>路由策略：第一个<br>阻塞处理策略：单机串行<br>任务超时时间：0<br>失败重试次数：0<br><br><span style=\"color:#00c0ef;\" > &gt;&gt;&gt;&gt;&gt;&gt;&gt;&gt;&gt;&gt;触发调度&lt;&lt;&lt;&lt;&lt;&lt;&lt;&lt;&lt;&lt; </span><br>触发调度：<br>address：http://172.16.85.134:9999/<br>code：500<br>msg：xxl-job remoting error(Read timed out), for url : http://172.16.85.134:9999/run','2025-06-27 14:18:11',200,'',2),(19,1,4,'http://172.16.85.134:9999/','demoJobErrHandler','',NULL,0,1,'2025-06-27 14:19:49',500,'任务触发类型：手动触发<br>调度机器：172.16.85.134<br>执行器-注册方式：自动注册<br>执行器-地址列表：[http://172.16.85.134:9999/]<br>路由策略：第一个<br>阻塞处理策略：单机串行<br>任务超时时间：0<br>失败重试次数：0<br><br><span style=\"color:#00c0ef;\" > &gt;&gt;&gt;&gt;&gt;&gt;&gt;&gt;&gt;&gt;触发调度&lt;&lt;&lt;&lt;&lt;&lt;&lt;&lt;&lt;&lt; </span><br>触发调度：<br>address：http://172.16.85.134:9999/<br>code：500<br>msg：xxl-job remoting error(Read timed out), for url : http://172.16.85.134:9999/run','2025-06-27 14:22:31',500,'java.lang.reflect.InvocationTargetException\n	at java.base/jdk.internal.reflect.DirectMethodHandleAccessor.invoke(DirectMethodHandleAccessor.java:118)\n	at java.base/java.lang.reflect.Method.invoke(Method.java:580)\n	at com.xxl.job.core.handler.impl.MethodJobHandler.execute(MethodJobHandler.java:31)\n	at com.xxl.job.core.thread.JobThread.run(JobThread.java:166)\nCaused by: java.lang.RuntimeException: 测试异常\n	at com.xxl.job.executor.service.jobhandler.SampleXxlJob.demoJobErrHandler(SampleXxlJob.java:60)\n	at java.base/jdk.internal.reflect.DirectMethodHandleAccessor.invoke(DirectMethodHandleAccessor.java:103)\n	... 3 more\n',2),(20,1,1,'http://172.16.85.134:9999/','demoJobHandler','',NULL,0,1,'2025-06-27 14:28:21',200,'任务触发类型：手动触发<br>调度机器：172.16.85.134<br>执行器-注册方式：自动注册<br>执行器-地址列表：[http://172.16.85.134:9999/]<br>路由策略：第一个<br>阻塞处理策略：单机串行<br>任务超时时间：0<br>失败重试次数：0<br><br><span style=\"color:#00c0ef;\" > &gt;&gt;&gt;&gt;&gt;&gt;&gt;&gt;&gt;&gt;触发调度&lt;&lt;&lt;&lt;&lt;&lt;&lt;&lt;&lt;&lt; </span><br>触发调度：<br>address：http://172.16.85.134:9999/<br>code：200<br>msg：Success','2025-06-27 14:28:31',200,'',0),(21,1,1,'http://172.16.85.134:9999/','demoJobHandler','',NULL,0,1,'2025-06-27 14:34:09',200,'任务触发类型：手动触发<br>调度机器：172.16.85.134<br>执行器-注册方式：自动注册<br>执行器-地址列表：[http://172.16.85.134:9999/]<br>路由策略：第一个<br>阻塞处理策略：单机串行<br>任务超时时间：0<br>失败重试次数：0<br><br><span style=\"color:#00c0ef;\" > &gt;&gt;&gt;&gt;&gt;&gt;&gt;&gt;&gt;&gt;触发调度&lt;&lt;&lt;&lt;&lt;&lt;&lt;&lt;&lt;&lt; </span><br>触发调度：<br>address：http://172.16.85.134:9999/<br>code：200<br>msg：Success','2025-06-27 14:34:20',200,'',0),(24,1,1,'http://172.16.85.134:9999/','demoJobHandler1','',NULL,0,1,'2025-06-27 16:28:27',500,'任务触发类型：手动触发<br>调度机器：172.16.85.134<br>执行器-注册方式：自动注册<br>执行器-地址列表：[http://172.16.85.134:9999/]<br>路由策略：第一个<br>阻塞处理策略：单机串行<br>任务超时时间：0<br>失败重试次数：0<br><br><span style=\"color:#00c0ef;\" > &gt;&gt;&gt;&gt;&gt;&gt;&gt;&gt;&gt;&gt;触发调度&lt;&lt;&lt;&lt;&lt;&lt;&lt;&lt;&lt;&lt; </span><br>触发调度：<br>address：http://172.16.85.134:9999/<br>code：500<br>msg：job handler [demoJobHandler1] not found.',NULL,0,NULL,2),(25,1,1,'http://172.16.85.134:9999/','demoJobHandler1','',NULL,0,1,'2025-06-27 16:32:17',500,'任务触发类型：手动触发<br>调度机器：172.16.85.134<br>执行器-注册方式：自动注册<br>执行器-地址列表：[http://172.16.85.134:9999/]<br>路由策略：第一个<br>阻塞处理策略：单机串行<br>任务超时时间：0<br>失败重试次数：0<br><br><span style=\"color:#00c0ef;\" > &gt;&gt;&gt;&gt;&gt;&gt;&gt;&gt;&gt;&gt;触发调度&lt;&lt;&lt;&lt;&lt;&lt;&lt;&lt;&lt;&lt; </span><br>触发调度：<br>address：http://172.16.85.134:9999/<br>code：500<br>msg：job handler [demoJobHandler1] not found.',NULL,0,NULL,2),(29,1,1,'http://172.16.85.134:9999/','demoJobHandler1','',NULL,0,1,'2025-06-27 16:47:25',500,'任务触发类型：手动触发<br>调度机器：172.16.85.134<br>执行器-注册方式：自动注册<br>执行器-地址列表：[http://172.16.85.134:9999/]<br>路由策略：第一个<br>阻塞处理策略：单机串行<br>任务超时时间：0<br>失败重试次数：0<br><br><span style=\"color:#00c0ef;\" > &gt;&gt;&gt;&gt;&gt;&gt;&gt;&gt;&gt;&gt;触发调度&lt;&lt;&lt;&lt;&lt;&lt;&lt;&lt;&lt;&lt; </span><br>触发调度：<br>address：http://172.16.85.134:9999/<br>code：500<br>msg：job handler [demoJobHandler1] not found.',NULL,0,NULL,2),(30,1,4,'http://172.16.85.134:9999/','demoJobErrHandler','',NULL,0,1,'2025-06-27 16:47:37',200,'任务触发类型：手动触发<br>调度机器：172.16.85.134<br>执行器-注册方式：自动注册<br>执行器-地址列表：[http://172.16.85.134:9999/]<br>路由策略：第一个<br>阻塞处理策略：单机串行<br>任务超时时间：0<br>失败重试次数：0<br><br><span style=\"color:#00c0ef;\" > &gt;&gt;&gt;&gt;&gt;&gt;&gt;&gt;&gt;&gt;触发调度&lt;&lt;&lt;&lt;&lt;&lt;&lt;&lt;&lt;&lt; </span><br>触发调度：<br>address：http://172.16.85.134:9999/<br>code：200<br>msg：Success','2025-06-27 16:47:37',500,'java.lang.reflect.InvocationTargetException\n	at java.base/jdk.internal.reflect.DirectMethodHandleAccessor.invoke(DirectMethodHandleAccessor.java:118)\n	at java.base/java.lang.reflect.Method.invoke(Method.java:580)\n	at com.xxl.job.core.handler.impl.MethodJobHandler.execute(MethodJobHandler.java:31)\n	at com.xxl.job.core.thread.JobThread.run(JobThread.java:166)\nCaused by: java.lang.RuntimeException: 测试异常\n	at com.xxl.job.executor.service.jobhandler.SampleXxlJob.demoJobErrHandler(SampleXxlJob.java:60)\n	at java.base/jdk.internal.reflect.DirectMethodHandleAccessor.invoke(DirectMethodHandleAccessor.java:103)\n	... 3 more\n',2),(33,1,4,'http://172.16.85.134:9999/','demoJobErrHandler','',NULL,0,1,'2025-06-27 17:54:49',200,'任务触发类型：手动触发<br>调度机器：172.16.85.134<br>执行器-注册方式：自动注册<br>执行器-地址列表：[http://172.16.85.134:9999/]<br>路由策略：第一个<br>阻塞处理策略：单机串行<br>任务超时时间：0<br>失败重试次数：0<br><br><span style=\"color:#00c0ef;\" > &gt;&gt;&gt;&gt;&gt;&gt;&gt;&gt;&gt;&gt;触发调度&lt;&lt;&lt;&lt;&lt;&lt;&lt;&lt;&lt;&lt; </span><br>触发调度：<br>address：http://172.16.85.134:9999/<br>code：200<br>msg：Success','2025-06-27 17:54:50',500,'java.lang.reflect.InvocationTargetException\n	at java.base/jdk.internal.reflect.DirectMethodHandleAccessor.invoke(DirectMethodHandleAccessor.java:118)\n	at java.base/java.lang.reflect.Method.invoke(Method.java:580)\n	at com.xxl.job.core.handler.impl.MethodJobHandler.execute(MethodJobHandler.java:31)\n	at com.xxl.job.core.thread.JobThread.run(JobThread.java:166)\nCaused by: java.lang.RuntimeException: 测试异常\n	at com.xxl.job.executor.service.jobhandler.SampleXxlJob.demoJobErrHandler(SampleXxlJob.java:60)\n	at java.base/jdk.internal.reflect.DirectMethodHandleAccessor.invoke(DirectMethodHandleAccessor.java:103)\n	... 3 more\n',2),(35,1,4,'http://172.16.85.134:9999/','demoJobErrHandler','',NULL,0,1,'2025-06-30 10:09:58',200,'任务触发类型：手动触发<br>调度机器：172.16.85.134<br>执行器-注册方式：自动注册<br>执行器-地址列表：[http://172.16.85.134:9999/]<br>路由策略：第一个<br>阻塞处理策略：单机串行<br>任务超时时间：0<br>失败重试次数：0<br><br><span style=\"color:#00c0ef;\" > &gt;&gt;&gt;&gt;&gt;&gt;&gt;&gt;&gt;&gt;触发调度&lt;&lt;&lt;&lt;&lt;&lt;&lt;&lt;&lt;&lt; </span><br>触发调度：<br>address：http://172.16.85.134:9999/<br>code：200<br>msg：Success','2025-06-30 10:09:58',500,'java.lang.reflect.InvocationTargetException\n	at java.base/jdk.internal.reflect.DirectMethodHandleAccessor.invoke(DirectMethodHandleAccessor.java:118)\n	at java.base/java.lang.reflect.Method.invoke(Method.java:580)\n	at com.xxl.job.core.handler.impl.MethodJobHandler.execute(MethodJobHandler.java:31)\n	at com.xxl.job.core.thread.JobThread.run(JobThread.java:166)\nCaused by: java.lang.RuntimeException: 测试异常\n	at com.xxl.job.executor.service.jobhandler.SampleXxlJob.demoJobErrHandler(SampleXxlJob.java:60)\n	at java.base/jdk.internal.reflect.DirectMethodHandleAccessor.invoke(DirectMethodHandleAccessor.java:103)\n	... 3 more\n',2),(36,1,1,'http://172.16.85.134:9999/','demoJobHandler','',NULL,0,1,'2025-06-30 10:12:46',200,'任务触发类型：手动触发<br>调度机器：172.16.85.134<br>执行器-注册方式：自动注册<br>执行器-地址列表：[http://172.16.85.134:9999/]<br>路由策略：第一个<br>阻塞处理策略：单机串行<br>任务超时时间：0<br>失败重试次数：0<br><br><span style=\"color:#00c0ef;\" > &gt;&gt;&gt;&gt;&gt;&gt;&gt;&gt;&gt;&gt;触发调度&lt;&lt;&lt;&lt;&lt;&lt;&lt;&lt;&lt;&lt; </span><br>触发调度：<br>address：http://172.16.85.134:9999/<br>code：200<br>msg：Success','2025-06-30 10:13:08',200,'',0),(37,3,4,'http://172.16.85.134:9999/','demoJobErrHandler','',NULL,0,1,'2025-07-01 16:05:25',200,'任务触发类型：手动触发<br>调度机器：172.16.85.134<br>执行器-注册方式：自动注册<br>执行器-地址列表：[http://172.16.85.134:9999/]<br>路由策略：第一个<br>阻塞处理策略：单机串行<br>任务超时时间：0<br>失败重试次数：0<br><br><span style=\"color:#00c0ef;\" > &gt;&gt;&gt;&gt;&gt;&gt;&gt;&gt;&gt;&gt;触发调度&lt;&lt;&lt;&lt;&lt;&lt;&lt;&lt;&lt;&lt; </span><br>触发调度：<br>address：http://172.16.85.134:9999/<br>code：200<br>msg：Success','2025-07-01 16:05:26',500,'java.lang.reflect.InvocationTargetException\n	at java.base/jdk.internal.reflect.NativeMethodAccessorImpl.invoke0(Native Method)\n	at java.base/jdk.internal.reflect.NativeMethodAccessorImpl.invoke(NativeMethodAccessorImpl.java:77)\n	at java.base/jdk.internal.reflect.DelegatingMethodAccessorImpl.invoke(DelegatingMethodAccessorImpl.java:43)\n	at java.base/java.lang.reflect.Method.invoke(Method.java:568)\n	at com.xxl.job.core.handler.impl.MethodJobHandler.execute(MethodJobHandler.java:31)\n	at com.xxl.job.core.thread.JobThread.run(JobThread.java:166)\nCaused by: java.lang.RuntimeException: 测试异常\n	at com.xxl.job.executor.service.jobhandler.SampleXxlJob.demoJobErrHandler(SampleXxlJob.java:60)\n	... 6 more\n',2),(38,3,4,'http://172.16.85.134:9999/','demoJobErrHandler','',NULL,0,1,'2025-07-02 14:56:12',200,'任务触发类型：手动触发<br>调度机器：172.16.85.134<br>执行器-注册方式：自动注册<br>执行器-地址列表：[http://172.16.85.134:9999/]<br>路由策略：第一个<br>阻塞处理策略：单机串行<br>任务超时时间：0<br>失败重试次数：0<br><br><span style=\"color:#00c0ef;\" > &gt;&gt;&gt;&gt;&gt;&gt;&gt;&gt;&gt;&gt;触发调度&lt;&lt;&lt;&lt;&lt;&lt;&lt;&lt;&lt;&lt; </span><br>触发调度：<br>address：http://172.16.85.134:9999/<br>code：200<br>msg：Success','2025-07-02 14:56:12',500,'java.lang.reflect.InvocationTargetException\n	at java.base/jdk.internal.reflect.NativeMethodAccessorImpl.invoke0(Native Method)\n	at java.base/jdk.internal.reflect.NativeMethodAccessorImpl.invoke(NativeMethodAccessorImpl.java:77)\n	at java.base/jdk.internal.reflect.DelegatingMethodAccessorImpl.invoke(DelegatingMethodAccessorImpl.java:43)\n	at java.base/java.lang.reflect.Method.invoke(Method.java:568)\n	at com.xxl.job.core.handler.impl.MethodJobHandler.execute(MethodJobHandler.java:31)\n	at com.xxl.job.core.thread.JobThread.run(JobThread.java:166)\nCaused by: java.lang.RuntimeException: 测试异常\n	at com.xxl.job.executor.service.jobhandler.SampleXxlJob.demoJobErrHandler(SampleXxlJob.java:60)\n	... 6 more\n',2),(39,1,1,NULL,'demoJobHandler','',NULL,0,1,'2025-07-08 09:18:49',500,'任务触发类型：Cron触发<br>调度机器：172.16.85.134<br>执行器-注册方式：自动注册<br>执行器-地址列表：null<br>路由策略：第一个<br>阻塞处理策略：单机串行<br>任务超时时间：0<br>失败重试次数：0<br><br><span style=\"color:#00c0ef;\" > &gt;&gt;&gt;&gt;&gt;&gt;&gt;&gt;&gt;&gt;触发调度&lt;&lt;&lt;&lt;&lt;&lt;&lt;&lt;&lt;&lt; </span><br>调度失败：执行器地址为空<br><br>Failed',NULL,0,NULL,2),(40,1,1,'http://172.16.85.134:9999/','demoJobHandler','',NULL,0,1,'2025-07-08 09:25:03',200,'任务触发类型：Cron触发<br>调度机器：172.16.85.134<br>执行器-注册方式：自动注册<br>执行器-地址列表：[http://172.16.85.134:9999/]<br>路由策略：第一个<br>阻塞处理策略：单机串行<br>任务超时时间：0<br>失败重试次数：0<br><br><span style=\"color:#00c0ef;\" > &gt;&gt;&gt;&gt;&gt;&gt;&gt;&gt;&gt;&gt;触发调度&lt;&lt;&lt;&lt;&lt;&lt;&lt;&lt;&lt;&lt; </span><br>触发调度：<br>address：http://172.16.85.134:9999/<br>code：200<br>msg：Success','2025-07-08 09:25:13',200,'',0),(41,1,1,'http://172.16.85.134:9999/','demoJobHandler','',NULL,0,1,'2025-07-08 09:25:33',200,'任务触发类型：Cron触发<br>调度机器：172.16.85.134<br>执行器-注册方式：自动注册<br>执行器-地址列表：[http://172.16.85.134:9999/]<br>路由策略：第一个<br>阻塞处理策略：单机串行<br>任务超时时间：0<br>失败重试次数：0<br><br><span style=\"color:#00c0ef;\" > &gt;&gt;&gt;&gt;&gt;&gt;&gt;&gt;&gt;&gt;触发调度&lt;&lt;&lt;&lt;&lt;&lt;&lt;&lt;&lt;&lt; </span><br>触发调度：<br>address：http://172.16.85.134:9999/<br>code：200<br>msg：Success','2025-07-08 09:25:43',200,'',0),(42,3,4,'http://172.16.85.134:9999/','demoJobHandler','',NULL,0,1,'2025-07-09 09:34:03',200,'任务触发类型：Cron触发<br>调度机器：172.16.85.134<br>执行器-注册方式：自动注册<br>执行器-地址列表：[http://172.16.85.134:9999/]<br>路由策略：第一个<br>阻塞处理策略：单机串行<br>任务超时时间：0<br>失败重试次数：0<br><br><span style=\"color:#00c0ef;\" > &gt;&gt;&gt;&gt;&gt;&gt;&gt;&gt;&gt;&gt;触发调度&lt;&lt;&lt;&lt;&lt;&lt;&lt;&lt;&lt;&lt; </span><br>触发调度：<br>address：http://172.16.85.134:9999/<br>code：200<br>msg：Success','2025-07-09 09:34:13',200,'',0),(43,3,4,'http://172.16.85.134:9999/','demoJobHandler','',NULL,0,1,'2025-07-09 09:34:32',200,'任务触发类型：Cron触发<br>调度机器：172.16.85.134<br>执行器-注册方式：自动注册<br>执行器-地址列表：[http://172.16.85.134:9999/]<br>路由策略：第一个<br>阻塞处理策略：单机串行<br>任务超时时间：0<br>失败重试次数：0<br><br><span style=\"color:#00c0ef;\" > &gt;&gt;&gt;&gt;&gt;&gt;&gt;&gt;&gt;&gt;触发调度&lt;&lt;&lt;&lt;&lt;&lt;&lt;&lt;&lt;&lt; </span><br>触发调度：<br>address：http://172.16.85.134:9999/<br>code：200<br>msg：Success','2025-07-09 09:34:42',200,'',0),(44,3,4,'http://172.16.85.134:9999/','demoJobHandler','',NULL,0,1,'2025-07-09 09:35:02',200,'任务触发类型：Cron触发<br>调度机器：172.16.85.134<br>执行器-注册方式：自动注册<br>执行器-地址列表：[http://172.16.85.134:9999/]<br>路由策略：第一个<br>阻塞处理策略：单机串行<br>任务超时时间：0<br>失败重试次数：0<br><br><span style=\"color:#00c0ef;\" > &gt;&gt;&gt;&gt;&gt;&gt;&gt;&gt;&gt;&gt;触发调度&lt;&lt;&lt;&lt;&lt;&lt;&lt;&lt;&lt;&lt; </span><br>触发调度：<br>address：http://172.16.85.134:9999/<br>code：200<br>msg：Success','2025-07-09 09:35:12',200,'',0),(45,3,4,'http://172.16.85.134:9999/','demoJobHandler','',NULL,0,1,'2025-07-09 09:35:32',200,'任务触发类型：Cron触发<br>调度机器：172.16.85.134<br>执行器-注册方式：自动注册<br>执行器-地址列表：[http://172.16.85.134:9999/]<br>路由策略：第一个<br>阻塞处理策略：单机串行<br>任务超时时间：0<br>失败重试次数：0<br><br><span style=\"color:#00c0ef;\" > &gt;&gt;&gt;&gt;&gt;&gt;&gt;&gt;&gt;&gt;触发调度&lt;&lt;&lt;&lt;&lt;&lt;&lt;&lt;&lt;&lt; </span><br>触发调度：<br>address：http://172.16.85.134:9999/<br>code：200<br>msg：Success','2025-07-09 09:35:42',200,'',0),(46,1,1,'http://172.16.85.134:9999/','demoJobHandler','',NULL,0,1,'2025-07-09 17:26:40',200,'任务触发类型：Cron触发<br>调度机器：172.16.85.134<br>执行器-注册方式：自动注册<br>执行器-地址列表：[http://172.16.85.134:9999/]<br>路由策略：第一个<br>阻塞处理策略：单机串行<br>任务超时时间：0<br>失败重试次数：0<br><br><span style=\"color:#00c0ef;\" > &gt;&gt;&gt;&gt;&gt;&gt;&gt;&gt;&gt;&gt;触发调度&lt;&lt;&lt;&lt;&lt;&lt;&lt;&lt;&lt;&lt; </span><br>触发调度：<br>address：http://172.16.85.134:9999/<br>code：200<br>msg：Success','2025-07-09 17:26:50',200,'',0),(47,1,1,'http://172.16.85.134:9999/','demoJobHandler','',NULL,0,1,'2025-07-09 17:30:36',200,'任务触发类型：Cron触发<br>调度机器：172.16.85.134<br>执行器-注册方式：自动注册<br>执行器-地址列表：[http://172.16.85.134:9999/]<br>路由策略：第一个<br>阻塞处理策略：单机串行<br>任务超时时间：0<br>失败重试次数：0<br><br><span style=\"color:#00c0ef;\" > &gt;&gt;&gt;&gt;&gt;&gt;&gt;&gt;&gt;&gt;触发调度&lt;&lt;&lt;&lt;&lt;&lt;&lt;&lt;&lt;&lt; </span><br>触发调度：<br>address：http://172.16.85.134:9999/<br>code：200<br>msg：Success','2025-07-09 17:30:46',200,'',0),(48,1,1,'http://172.16.85.134:9999/','demoJobHandler','',NULL,0,1,'2025-07-09 17:31:07',200,'任务触发类型：Cron触发<br>调度机器：172.16.85.134<br>执行器-注册方式：自动注册<br>执行器-地址列表：[http://172.16.85.134:9999/]<br>路由策略：第一个<br>阻塞处理策略：单机串行<br>任务超时时间：0<br>失败重试次数：0<br><br><span style=\"color:#00c0ef;\" > &gt;&gt;&gt;&gt;&gt;&gt;&gt;&gt;&gt;&gt;触发调度&lt;&lt;&lt;&lt;&lt;&lt;&lt;&lt;&lt;&lt; </span><br>触发调度：<br>address：http://172.16.85.134:9999/<br>code：200<br>msg：Success','2025-07-09 17:31:17',200,'',0),(49,1,1,'http://172.16.85.134:9999/','demoJobHandler','',NULL,0,1,'2025-07-09 17:31:36',200,'任务触发类型：Cron触发<br>调度机器：172.16.85.134<br>执行器-注册方式：自动注册<br>执行器-地址列表：[http://172.16.85.134:9999/]<br>路由策略：第一个<br>阻塞处理策略：单机串行<br>任务超时时间：0<br>失败重试次数：0<br><br><span style=\"color:#00c0ef;\" > &gt;&gt;&gt;&gt;&gt;&gt;&gt;&gt;&gt;&gt;触发调度&lt;&lt;&lt;&lt;&lt;&lt;&lt;&lt;&lt;&lt; </span><br>触发调度：<br>address：http://172.16.85.134:9999/<br>code：200<br>msg：Success','2025-07-09 17:31:46',200,'',0),(50,1,7,'http://172.16.85.134:9999/','demoJobHandler','',NULL,0,1,'2025-07-10 15:12:32',200,'任务触发类型：Cron触发<br>调度机器：172.16.85.134<br>执行器-注册方式：自动注册<br>执行器-地址列表：[http://172.16.85.134:9999/]<br>路由策略：第一个<br>阻塞处理策略：单机串行<br>任务超时时间：0<br>失败重试次数：0<br><br><span style=\"color:#00c0ef;\" > &gt;&gt;&gt;&gt;&gt;&gt;&gt;&gt;&gt;&gt;触发调度&lt;&lt;&lt;&lt;&lt;&lt;&lt;&lt;&lt;&lt; </span><br>触发调度：<br>address：http://172.16.85.134:9999/<br>code：200<br>msg：Success','2025-07-10 15:12:43',200,'',0),(51,1,7,'http://172.16.85.134:9999/','demoJobHandler','',NULL,0,1,'2025-07-10 15:55:35',200,'任务触发类型：Cron触发<br>调度机器：172.16.85.134<br>执行器-注册方式：自动注册<br>执行器-地址列表：[http://172.16.85.134:9999/]<br>路由策略：第一个<br>阻塞处理策略：单机串行<br>任务超时时间：0<br>失败重试次数：0<br><br><span style=\"color:#00c0ef;\" > &gt;&gt;&gt;&gt;&gt;&gt;&gt;&gt;&gt;&gt;触发调度&lt;&lt;&lt;&lt;&lt;&lt;&lt;&lt;&lt;&lt; </span><br>触发调度：<br>address：http://172.16.85.134:9999/<br>code：200<br>msg：Success','2025-07-10 15:55:45',200,'',0),(52,1,1,NULL,'demoJobHandler','',NULL,0,1,'2025-07-10 17:00:16',500,'任务触发类型：Cron触发<br>调度机器：172.16.85.134<br>执行器-注册方式：自动注册<br>执行器-地址列表：null<br>路由策略：第一个<br>阻塞处理策略：单机串行<br>任务超时时间：0<br>失败重试次数：0<br><br><span style=\"color:#00c0ef;\" > &gt;&gt;&gt;&gt;&gt;&gt;&gt;&gt;&gt;&gt;触发调度&lt;&lt;&lt;&lt;&lt;&lt;&lt;&lt;&lt;&lt; </span><br>调度失败：执行器地址为空<br><br>Failed',NULL,0,NULL,2),(53,1,7,'http://172.16.85.134:9999/','demoJobErrHandler','',NULL,0,1,'2025-07-11 09:33:08',200,'任务触发类型：手动触发<br>调度机器：172.16.85.134<br>执行器-注册方式：自动注册<br>执行器-地址列表：[http://172.16.85.134:9999/]<br>路由策略：第一个<br>阻塞处理策略：单机串行<br>任务超时时间：0<br>失败重试次数：0<br><br><span style=\"color:#00c0ef;\" > &gt;&gt;&gt;&gt;&gt;&gt;&gt;&gt;&gt;&gt;触发调度&lt;&lt;&lt;&lt;&lt;&lt;&lt;&lt;&lt;&lt; </span><br>触发调度：<br>address：http://172.16.85.134:9999/<br>code：200<br>msg：Success','2025-07-11 09:33:08',500,'java.lang.reflect.InvocationTargetException\n	at java.base/jdk.internal.reflect.NativeMethodAccessorImpl.invoke0(Native Method)\n	at java.base/jdk.internal.reflect.NativeMethodAccessorImpl.invoke(NativeMethodAccessorImpl.java:77)\n	at java.base/jdk.internal.reflect.DelegatingMethodAccessorImpl.invoke(DelegatingMethodAccessorImpl.java:43)\n	at java.base/java.lang.reflect.Method.invoke(Method.java:568)\n	at com.xxl.job.core.handler.impl.MethodJobHandler.execute(MethodJobHandler.java:31)\n	at com.xxl.job.core.thread.JobThread.run(JobThread.java:166)\nCaused by: java.lang.RuntimeException: 测试异常\n	at com.xxl.job.executor.service.jobhandler.SampleXxlJob.demoJobErrHandler(SampleXxlJob.java:60)\n	... 6 more\n',2),(54,1,1,'http://172.16.85.134:9999/','demoJobErrHandler','',NULL,0,1,'2025-07-11 09:33:57',200,'任务触发类型：手动触发<br>调度机器：172.16.85.134<br>执行器-注册方式：自动注册<br>执行器-地址列表：[http://172.16.85.134:9999/]<br>路由策略：第一个<br>阻塞处理策略：单机串行<br>任务超时时间：0<br>失败重试次数：0<br><br><span style=\"color:#00c0ef;\" > &gt;&gt;&gt;&gt;&gt;&gt;&gt;&gt;&gt;&gt;触发调度&lt;&lt;&lt;&lt;&lt;&lt;&lt;&lt;&lt;&lt; </span><br>触发调度：<br>address：http://172.16.85.134:9999/<br>code：200<br>msg：Success','2025-07-11 09:33:57',500,'java.lang.reflect.InvocationTargetException\n	at java.base/jdk.internal.reflect.NativeMethodAccessorImpl.invoke0(Native Method)\n	at java.base/jdk.internal.reflect.NativeMethodAccessorImpl.invoke(NativeMethodAccessorImpl.java:77)\n	at java.base/jdk.internal.reflect.DelegatingMethodAccessorImpl.invoke(DelegatingMethodAccessorImpl.java:43)\n	at java.base/java.lang.reflect.Method.invoke(Method.java:568)\n	at com.xxl.job.core.handler.impl.MethodJobHandler.execute(MethodJobHandler.java:31)\n	at com.xxl.job.core.thread.JobThread.run(JobThread.java:166)\nCaused by: java.lang.RuntimeException: 测试异常\n	at com.xxl.job.executor.service.jobhandler.SampleXxlJob.demoJobErrHandler(SampleXxlJob.java:60)\n	... 6 more\n',2),(55,1,1,'http://172.16.85.134:9999/','demoJobErrHandler','',NULL,0,1,'2025-07-11 09:36:15',200,'任务触发类型：手动触发<br>调度机器：172.16.85.134<br>执行器-注册方式：自动注册<br>执行器-地址列表：[http://172.16.85.134:9999/]<br>路由策略：第一个<br>阻塞处理策略：单机串行<br>任务超时时间：0<br>失败重试次数：0<br><br><span style=\"color:#00c0ef;\" > &gt;&gt;&gt;&gt;&gt;&gt;&gt;&gt;&gt;&gt;触发调度&lt;&lt;&lt;&lt;&lt;&lt;&lt;&lt;&lt;&lt; </span><br>触发调度：<br>address：http://172.16.85.134:9999/<br>code：200<br>msg：Success','2025-07-11 09:36:15',500,'java.lang.reflect.InvocationTargetException\n	at java.base/jdk.internal.reflect.NativeMethodAccessorImpl.invoke0(Native Method)\n	at java.base/jdk.internal.reflect.NativeMethodAccessorImpl.invoke(NativeMethodAccessorImpl.java:77)\n	at java.base/jdk.internal.reflect.DelegatingMethodAccessorImpl.invoke(DelegatingMethodAccessorImpl.java:43)\n	at java.base/java.lang.reflect.Method.invoke(Method.java:568)\n	at com.xxl.job.core.handler.impl.MethodJobHandler.execute(MethodJobHandler.java:31)\n	at com.xxl.job.core.thread.JobThread.run(JobThread.java:166)\nCaused by: java.lang.RuntimeException: 测试异常\n	at com.xxl.job.executor.service.jobhandler.SampleXxlJob.demoJobErrHandler(SampleXxlJob.java:60)\n	... 6 more\n',2),(56,1,1,'http://172.16.85.134:9999/','demoJobErrHandler','',NULL,0,1,'2025-07-11 09:40:18',200,'任务触发类型：手动触发<br>调度机器：172.16.85.134<br>执行器-注册方式：自动注册<br>执行器-地址列表：[http://172.16.85.134:9999/]<br>路由策略：第一个<br>阻塞处理策略：单机串行<br>任务超时时间：0<br>失败重试次数：0<br><br><span style=\"color:#00c0ef;\" > &gt;&gt;&gt;&gt;&gt;&gt;&gt;&gt;&gt;&gt;触发调度&lt;&lt;&lt;&lt;&lt;&lt;&lt;&lt;&lt;&lt; </span><br>触发调度：<br>address：http://172.16.85.134:9999/<br>code：200<br>msg：Success','2025-07-11 09:40:18',500,'java.lang.reflect.InvocationTargetException\n	at java.base/jdk.internal.reflect.NativeMethodAccessorImpl.invoke0(Native Method)\n	at java.base/jdk.internal.reflect.NativeMethodAccessorImpl.invoke(NativeMethodAccessorImpl.java:77)\n	at java.base/jdk.internal.reflect.DelegatingMethodAccessorImpl.invoke(DelegatingMethodAccessorImpl.java:43)\n	at java.base/java.lang.reflect.Method.invoke(Method.java:568)\n	at com.xxl.job.core.handler.impl.MethodJobHandler.execute(MethodJobHandler.java:31)\n	at com.xxl.job.core.thread.JobThread.run(JobThread.java:166)\nCaused by: java.lang.RuntimeException: 测试异常\n	at com.xxl.job.executor.service.jobhandler.SampleXxlJob.demoJobErrHandler(SampleXxlJob.java:60)\n	... 6 more\n',2),(57,1,1,'http://172.16.85.134:9999/','demoJobErrHandler','',NULL,0,1,'2025-07-11 09:42:41',200,'任务触发类型：手动触发<br>调度机器：172.16.85.134<br>执行器-注册方式：自动注册<br>执行器-地址列表：[http://172.16.85.134:9999/]<br>路由策略：第一个<br>阻塞处理策略：单机串行<br>任务超时时间：0<br>失败重试次数：0<br><br><span style=\"color:#00c0ef;\" > &gt;&gt;&gt;&gt;&gt;&gt;&gt;&gt;&gt;&gt;触发调度&lt;&lt;&lt;&lt;&lt;&lt;&lt;&lt;&lt;&lt; </span><br>触发调度：<br>address：http://172.16.85.134:9999/<br>code：200<br>msg：Success','2025-07-11 09:42:41',500,'java.lang.reflect.InvocationTargetException\n	at java.base/jdk.internal.reflect.NativeMethodAccessorImpl.invoke0(Native Method)\n	at java.base/jdk.internal.reflect.NativeMethodAccessorImpl.invoke(NativeMethodAccessorImpl.java:77)\n	at java.base/jdk.internal.reflect.DelegatingMethodAccessorImpl.invoke(DelegatingMethodAccessorImpl.java:43)\n	at java.base/java.lang.reflect.Method.invoke(Method.java:568)\n	at com.xxl.job.core.handler.impl.MethodJobHandler.execute(MethodJobHandler.java:31)\n	at com.xxl.job.core.thread.JobThread.run(JobThread.java:166)\nCaused by: java.lang.RuntimeException: 测试异常\n	at com.xxl.job.executor.service.jobhandler.SampleXxlJob.demoJobErrHandler(SampleXxlJob.java:60)\n	... 6 more\n',2),(58,1,1,'http://172.16.85.134:9999/','demoJobErrHandler','',NULL,0,1,'2025-07-11 09:43:58',200,'任务触发类型：手动触发<br>调度机器：172.16.85.134<br>执行器-注册方式：自动注册<br>执行器-地址列表：[http://172.16.85.134:9999/]<br>路由策略：第一个<br>阻塞处理策略：单机串行<br>任务超时时间：0<br>失败重试次数：0<br><br><span style=\"color:#00c0ef;\" > &gt;&gt;&gt;&gt;&gt;&gt;&gt;&gt;&gt;&gt;触发调度&lt;&lt;&lt;&lt;&lt;&lt;&lt;&lt;&lt;&lt; </span><br>触发调度：<br>address：http://172.16.85.134:9999/<br>code：200<br>msg：Success','2025-07-11 09:43:58',500,'java.lang.reflect.InvocationTargetException\n	at java.base/jdk.internal.reflect.NativeMethodAccessorImpl.invoke0(Native Method)\n	at java.base/jdk.internal.reflect.NativeMethodAccessorImpl.invoke(NativeMethodAccessorImpl.java:77)\n	at java.base/jdk.internal.reflect.DelegatingMethodAccessorImpl.invoke(DelegatingMethodAccessorImpl.java:43)\n	at java.base/java.lang.reflect.Method.invoke(Method.java:568)\n	at com.xxl.job.core.handler.impl.MethodJobHandler.execute(MethodJobHandler.java:31)\n	at com.xxl.job.core.thread.JobThread.run(JobThread.java:166)\nCaused by: java.lang.RuntimeException: 测试异常\n	at com.xxl.job.executor.service.jobhandler.SampleXxlJob.demoJobErrHandler(SampleXxlJob.java:60)\n	... 6 more\n',2),(59,3,8,'http://172.16.85.134:9099/','umsMemberStatusUpdate','{\"memberId\":1,\"status\":0}',NULL,1,1,'2025-07-11 17:24:11',200,'任务触发类型：Cron触发<br>调度机器：172.16.85.134<br>执行器-注册方式：自动注册<br>执行器-地址列表：[http://172.16.85.134:9099/]<br>路由策略：最不经常使用<br>阻塞处理策略：单机串行<br>任务超时时间：0<br>失败重试次数：1<br><br><span style=\"color:#00c0ef;\" > &gt;&gt;&gt;&gt;&gt;&gt;&gt;&gt;&gt;&gt;触发调度&lt;&lt;&lt;&lt;&lt;&lt;&lt;&lt;&lt;&lt; </span><br>触发调度：<br>address：http://172.16.85.134:9099/<br>code：200<br>msg：Success<br><br><span style=\"color:#F39C12;\" > &gt;&gt;&gt;&gt;&gt;&gt;&gt;&gt;&gt;&gt;失败重试触发&lt;&lt;&lt;&lt;&lt;&lt;&lt;&lt;&lt;&lt; </span><br>','2025-07-11 17:24:13',500,'java.lang.reflect.InvocationTargetException\n	at java.base/jdk.internal.reflect.NativeMethodAccessorImpl.invoke0(Native Method)\n	at java.base/jdk.internal.reflect.NativeMethodAccessorImpl.invoke(NativeMethodAccessorImpl.java:77)\n	at java.base/jdk.internal.reflect.DelegatingMethodAccessorImpl.invoke(DelegatingMethodAccessorImpl.java:43)\n	at java.base/java.lang.reflect.Method.invoke(Method.java:568)\n	at com.xxl.job.core.handler.impl.MethodJobHandler.execute(MethodJobHandler.java:31)\n	at com.xxl.job.core.thread.JobThread.run(JobThread.java:166)\nCaused by: org.apache.dubbo.rpc.RpcException: Failed to invoke the method updateMemberStatus in the service com.jrmall.mall.ums.api.UmsMemberApi. Tried 1 times of the providers [172.16.85.134:20881] (1/1) from the registry 172.16.85.108:8848 on the consumer 172.16.85.134 using the dubbo version 3.3.4. Last error is: org/springframework/security/core/context/SecurityContextHolder\n	at org.apache.dubbo.rpc.cluster.support.FailoverClusterInvoker.doInvoke(FailoverClusterInvoker.java:126)\n	at org.apache.dubbo.rpc.cluster.support.AbstractClusterInvoker.invoke(AbstractClusterInvoker.java:366)\n	at org.apache.dubbo.rpc.cluster.router.RouterSnapshotFilter.invoke(RouterSnapshotFilter.java:46)\n	at org.apache.dubbo.rpc.cluster.filter.FilterChainBuilder$CopyOfFilterChainNode.invoke(FilterChainBuilder.java:349)\n	at org.apache.dubbo.monitor.support.MonitorFilter.invoke(MonitorFilter.java:109)\n	at org.apache.dubbo.rpc.cluster.filter.FilterChainBuilder$CopyOfFilterChainNode.invoke(FilterChainBuilder.java:349)\n	at org.apache.dubbo.rpc.cluster.filter.support.MetricsClusterFilter.invoke(MetricsClusterFilter.java:57)\n	at org.apache.dubbo.rpc.cluster.filter.FilterChainBuilder$CopyOfFilterChainNode.invoke(FilterChainBuilder.java:349)\n	at org.apache.dubbo.rpc.protocol.dubbo.filter.FutureFilter.invoke(FutureFilter.java:53)\n	at org.apache.dubbo.rpc.cluster.filter.FilterChainBuilder$CopyOfFilterChainNode.invoke(FilterChainBuilder.java:349)\n	at org.apache.dubbo.spring.security.filter.ContextHolderParametersSelectedTransferFilter.invoke(ContextHolderParametersSelectedTransferFilter.java:40)\n	at org.apache.dubbo.rpc.cluster.filter.FilterChainBuilder$CopyOfFilterChainNode.invoke(FilterChainBuilder.java:349)\n	at org.apache.dubbo.metrics.filter.MetricsFilter.invoke(MetricsFilter.java:86)\n	at org.apache.dubbo.rpc.cluster.filter.support.MetricsConsumerFilter.invoke(MetricsConsumerFilter.java:38)\n	at org.apache.dubbo.rpc.cluster.filter.FilterChainBuilder$CopyOfFilterChainNode.invoke(FilterChainBuilder.java:349)\n	at org.apache.dubbo.rpc.cluster.filter.support.ConsumerClassLoaderFilter.invoke(ConsumerClassLoaderFilter.java:40)\n	at org.apache.dubbo.rpc.cluster.filter.FilterChainBuilder$CopyOfFilterChainNode.invoke(FilterChainBuilder.java:349)\n	at org.apache.dubbo.tracing.filter.ObservationSenderFilter.invoke(ObservationSenderFilter.java:60)\n	at org.apache.dubbo.rpc.cluster.filter.FilterChainBuilder$CopyOfFilterChainNode.invoke(FilterChainBuilder.java:349)\n	at org.apache.dubbo.rpc.cluster.filter.support.ConsumerContextFilter.invoke(ConsumerContextFilter.java:119)\n	at org.apache.dubbo.rpc.cluster.filter.FilterChainBuilder$CopyOfFilterChainNode.invoke(FilterChainBuilder.java:349)\n	at org.apache.dubbo.rpc.cluster.filter.FilterChainBuilder$CallbackRegistrationInvoker.invoke(FilterChainBuilder.java:197)\n	at org.apache.dubbo.rpc.cluster.support.wrapper.AbstractCluster$ClusterFilterInvoker.invoke(AbstractCluster.java:101)\n	at org.apache.dubbo.rpc.cluster.support.wrapper.MockClusterInvoker.invoke(MockClusterInvoker.java:107)\n	at org.apache.dubbo.rpc.cluster.support.wrapper.ScopeClusterInvoker.invoke(ScopeClusterInvoker.java:171)\n	at org.apache.dubbo.registry.client.migration.MigrationInvoker.invoke(MigrationInvoker.java:294)\n	at org.apache.dubbo.rpc.proxy.InvocationUtil.invoke(InvocationUtil.java:64)\n	at org.apache.dubbo.rpc.proxy.InvokerInvocationHandler.invoke(InvokerInvocationHandler.java:81)\n	at com.jrmall.mall.ums.api.UmsMemberApiDubboProxy0.updateMemberStatus(UmsMemberApiDubboProxy0.java)\n	at java.base/jdk.internal.reflect.NativeMethodAccessorImpl.invoke0(Native Method)\n	at java.base/jdk.internal.reflect.NativeMethodAccessorImpl.invoke(NativeMethodAccessorImpl.java:77)\n	at java.base/jdk.internal.reflect.DelegatingMethodAccessorImpl.invoke(DelegatingMethodAccessorImpl.java:43)\n	at java.base/java.lang.reflect.Method.invoke(Method.java:568)\n	at org.apache.dubbo.config.spring.util.LazyTargetInvocationHandler.invoke(LazyTargetInvocationHandler.java:54)\n	at com.jrmall.mall.ums.api.UmsMemberApiDubboProxy0.updateMemberStatus(UmsMemberApiDubboProxy0.java)\n	at com.xxl.job.executor.handler.MallUmsJob.umsMemberStatusUpdateHandler(MallUmsJob.java:38)\n	... 6 more\nCaused by: java.lang.NoClassDefFoundError: org/springframework/security/core/context/SecurityContextHolder\n	at com.jrmall.pilates.common.dubbo.filter.ConsumerRpcFilter.getLoginUser(ConsumerRpcFilter.java:44)\n	at com.jrmall.pilates.common.dubbo.filter.ConsumerRpcFilter.invoke(ConsumerRpcFilter.java:32)\n	at org.apache.dubbo.rpc.cluster.filter.FilterChainBuilder$CopyOfFilterChainNode.invoke(FilterChainBuilder.java:349)\n	at org.apache.dubbo.rpc.cluster.filter.FilterChainBuilder$CallbackRegistrationInvoker.invoke(FilterChainBuilder.java:197)\n	at org.apache.dubbo.rpc.protocol.ReferenceCountInvokerWrapper.invoke(ReferenceCountInvokerWrapper.java:106)\n	at org.apache.dubbo.rpc.cluster.support.AbstractClusterInvoker.invokeWithContext(AbstractClusterInvoker.java:412)\n	at org.apache.dubbo.rpc.cluster.support.FailoverClusterInvoker.doInvoke(FailoverClusterInvoker.java:82)\n	... 41 more\nCaused by: java.lang.ClassNotFoundException: org.springframework.security.core.context.SecurityContextHolder\n	at java.base/jdk.internal.loader.BuiltinClassLoader.loadClass(BuiltinClassLoader.java:641)\n	at java.base/jdk.internal.loader.ClassLoaders$AppClassLoader.loadClass(ClassLoaders.java:188)\n	at java.base/java.lang.ClassLoader.loadClass(ClassLoader.java:520)\n	... 48 more\n',2),(60,3,8,'http://172.16.85.134:9099/','umsMemberStatusUpdate','{\"memberId\":1,\"status\":0}',NULL,0,1,'2025-07-11 17:24:19',200,'任务触发类型：失败重试触发<br>调度机器：172.16.85.134<br>执行器-注册方式：自动注册<br>执行器-地址列表：[http://172.16.85.134:9099/]<br>路由策略：最不经常使用<br>阻塞处理策略：单机串行<br>任务超时时间：0<br>失败重试次数：0<br><br><span style=\"color:#00c0ef;\" > &gt;&gt;&gt;&gt;&gt;&gt;&gt;&gt;&gt;&gt;触发调度&lt;&lt;&lt;&lt;&lt;&lt;&lt;&lt;&lt;&lt; </span><br>触发调度：<br>address：http://172.16.85.134:9099/<br>code：200<br>msg：Success','2025-07-11 17:24:19',500,'java.lang.reflect.InvocationTargetException\n	at java.base/jdk.internal.reflect.NativeMethodAccessorImpl.invoke0(Native Method)\n	at java.base/jdk.internal.reflect.NativeMethodAccessorImpl.invoke(NativeMethodAccessorImpl.java:77)\n	at java.base/jdk.internal.reflect.DelegatingMethodAccessorImpl.invoke(DelegatingMethodAccessorImpl.java:43)\n	at java.base/java.lang.reflect.Method.invoke(Method.java:568)\n	at com.xxl.job.core.handler.impl.MethodJobHandler.execute(MethodJobHandler.java:31)\n	at com.xxl.job.core.thread.JobThread.run(JobThread.java:166)\nCaused by: org.apache.dubbo.rpc.RpcException: Failed to invoke the method updateMemberStatus in the service com.jrmall.mall.ums.api.UmsMemberApi. Tried 1 times of the providers [172.16.85.134:20881] (1/1) from the registry 172.16.85.108:8848 on the consumer 172.16.85.134 using the dubbo version 3.3.4. Last error is: org/springframework/security/core/context/SecurityContextHolder\n	at org.apache.dubbo.rpc.cluster.support.FailoverClusterInvoker.doInvoke(FailoverClusterInvoker.java:126)\n	at org.apache.dubbo.rpc.cluster.support.AbstractClusterInvoker.invoke(AbstractClusterInvoker.java:366)\n	at org.apache.dubbo.rpc.cluster.router.RouterSnapshotFilter.invoke(RouterSnapshotFilter.java:46)\n	at org.apache.dubbo.rpc.cluster.filter.FilterChainBuilder$CopyOfFilterChainNode.invoke(FilterChainBuilder.java:349)\n	at org.apache.dubbo.monitor.support.MonitorFilter.invoke(MonitorFilter.java:109)\n	at org.apache.dubbo.rpc.cluster.filter.FilterChainBuilder$CopyOfFilterChainNode.invoke(FilterChainBuilder.java:349)\n	at org.apache.dubbo.rpc.cluster.filter.support.MetricsClusterFilter.invoke(MetricsClusterFilter.java:57)\n	at org.apache.dubbo.rpc.cluster.filter.FilterChainBuilder$CopyOfFilterChainNode.invoke(FilterChainBuilder.java:349)\n	at org.apache.dubbo.rpc.protocol.dubbo.filter.FutureFilter.invoke(FutureFilter.java:53)\n	at org.apache.dubbo.rpc.cluster.filter.FilterChainBuilder$CopyOfFilterChainNode.invoke(FilterChainBuilder.java:349)\n	at org.apache.dubbo.spring.security.filter.ContextHolderParametersSelectedTransferFilter.invoke(ContextHolderParametersSelectedTransferFilter.java:40)\n	at org.apache.dubbo.rpc.cluster.filter.FilterChainBuilder$CopyOfFilterChainNode.invoke(FilterChainBuilder.java:349)\n	at org.apache.dubbo.metrics.filter.MetricsFilter.invoke(MetricsFilter.java:86)\n	at org.apache.dubbo.rpc.cluster.filter.support.MetricsConsumerFilter.invoke(MetricsConsumerFilter.java:38)\n	at org.apache.dubbo.rpc.cluster.filter.FilterChainBuilder$CopyOfFilterChainNode.invoke(FilterChainBuilder.java:349)\n	at org.apache.dubbo.rpc.cluster.filter.support.ConsumerClassLoaderFilter.invoke(ConsumerClassLoaderFilter.java:40)\n	at org.apache.dubbo.rpc.cluster.filter.FilterChainBuilder$CopyOfFilterChainNode.invoke(FilterChainBuilder.java:349)\n	at org.apache.dubbo.tracing.filter.ObservationSenderFilter.invoke(ObservationSenderFilter.java:60)\n	at org.apache.dubbo.rpc.cluster.filter.FilterChainBuilder$CopyOfFilterChainNode.invoke(FilterChainBuilder.java:349)\n	at org.apache.dubbo.rpc.cluster.filter.support.ConsumerContextFilter.invoke(ConsumerContextFilter.java:119)\n	at org.apache.dubbo.rpc.cluster.filter.FilterChainBuilder$CopyOfFilterChainNode.invoke(FilterChainBuilder.java:349)\n	at org.apache.dubbo.rpc.cluster.filter.FilterChainBuilder$CallbackRegistrationInvoker.invoke(FilterChainBuilder.java:197)\n	at org.apache.dubbo.rpc.cluster.support.wrapper.AbstractCluster$ClusterFilterInvoker.invoke(AbstractCluster.java:101)\n	at org.apache.dubbo.rpc.cluster.support.wrapper.MockClusterInvoker.invoke(MockClusterInvoker.java:107)\n	at org.apache.dubbo.rpc.cluster.support.wrapper.ScopeClusterInvoker.invoke(ScopeClusterInvoker.java:171)\n	at org.apache.dubbo.registry.client.migration.MigrationInvoker.invoke(MigrationInvoker.java:294)\n	at org.apache.dubbo.rpc.proxy.InvocationUtil.invoke(InvocationUtil.java:64)\n	at org.apache.dubbo.rpc.proxy.InvokerInvocationHandler.invoke(InvokerInvocationHandler.java:81)\n	at com.jrmall.mall.ums.api.UmsMemberApiDubboProxy0.updateMemberStatus(UmsMemberApiDubboProxy0.java)\n	at java.base/jdk.internal.reflect.NativeMethodAccessorImpl.invoke0(Native Method)\n	at java.base/jdk.internal.reflect.NativeMethodAccessorImpl.invoke(NativeMethodAccessorImpl.java:77)\n	at java.base/jdk.internal.reflect.DelegatingMethodAccessorImpl.invoke(DelegatingMethodAccessorImpl.java:43)\n	at java.base/java.lang.reflect.Method.invoke(Method.java:568)\n	at org.apache.dubbo.config.spring.util.LazyTargetInvocationHandler.invoke(LazyTargetInvocationHandler.java:54)\n	at com.jrmall.mall.ums.api.UmsMemberApiDubboProxy0.updateMemberStatus(UmsMemberApiDubboProxy0.java)\n	at com.xxl.job.executor.handler.MallUmsJob.umsMemberStatusUpdateHandler(MallUmsJob.java:38)\n	... 6 more\nCaused by: java.lang.NoClassDefFoundError: org/springframework/security/core/context/SecurityContextHolder\n	at com.jrmall.pilates.common.dubbo.filter.ConsumerRpcFilter.getLoginUser(ConsumerRpcFilter.java:44)\n	at com.jrmall.pilates.common.dubbo.filter.ConsumerRpcFilter.invoke(ConsumerRpcFilter.java:32)\n	at org.apache.dubbo.rpc.cluster.filter.FilterChainBuilder$CopyOfFilterChainNode.invoke(FilterChainBuilder.java:349)\n	at org.apache.dubbo.rpc.cluster.filter.FilterChainBuilder$CallbackRegistrationInvoker.invoke(FilterChainBuilder.java:197)\n	at org.apache.dubbo.rpc.protocol.ReferenceCountInvokerWrapper.invoke(ReferenceCountInvokerWrapper.java:106)\n	at org.apache.dubbo.rpc.cluster.support.AbstractClusterInvoker.invokeWithContext(AbstractClusterInvoker.java:412)\n	at org.apache.dubbo.rpc.cluster.support.FailoverClusterInvoker.doInvoke(FailoverClusterInvoker.java:82)\n	... 41 more\nCaused by: java.lang.ClassNotFoundException: org.springframework.security.core.context.SecurityContextHolder\n	... 48 more\n',2),(61,3,9,'http://172.16.85.134:9099/','umsMemberStatusUpdate','{\"memberId\":1,\"status\":0}',NULL,1,1,'2025-07-11 17:29:27',200,'任务触发类型：Cron触发<br>调度机器：172.16.85.134<br>执行器-注册方式：自动注册<br>执行器-地址列表：[http://172.16.85.134:9099/]<br>路由策略：最不经常使用<br>阻塞处理策略：单机串行<br>任务超时时间：0<br>失败重试次数：1<br><br><span style=\"color:#00c0ef;\" > &gt;&gt;&gt;&gt;&gt;&gt;&gt;&gt;&gt;&gt;触发调度&lt;&lt;&lt;&lt;&lt;&lt;&lt;&lt;&lt;&lt; </span><br>触发调度：<br>address：http://172.16.85.134:9099/<br>code：200<br>msg：Success<br><br><span style=\"color:#F39C12;\" > &gt;&gt;&gt;&gt;&gt;&gt;&gt;&gt;&gt;&gt;失败重试触发&lt;&lt;&lt;&lt;&lt;&lt;&lt;&lt;&lt;&lt; </span><br>','2025-07-11 17:29:27',500,'java.lang.reflect.InvocationTargetException\n	at java.base/jdk.internal.reflect.NativeMethodAccessorImpl.invoke0(Native Method)\n	at java.base/jdk.internal.reflect.NativeMethodAccessorImpl.invoke(NativeMethodAccessorImpl.java:77)\n	at java.base/jdk.internal.reflect.DelegatingMethodAccessorImpl.invoke(DelegatingMethodAccessorImpl.java:43)\n	at java.base/java.lang.reflect.Method.invoke(Method.java:568)\n	at com.xxl.job.core.handler.impl.MethodJobHandler.execute(MethodJobHandler.java:31)\n	at com.xxl.job.core.thread.JobThread.run(JobThread.java:166)\nCaused by: org.apache.dubbo.rpc.RpcException: Failed to invoke the method updateMemberStatus in the service com.jrmall.mall.ums.api.UmsMemberApi. Tried 1 times of the providers [172.16.85.134:20881] (1/1) from the registry 172.16.85.108:8848 on the consumer 172.16.85.134 using the dubbo version 3.3.4. Last error is: org/springframework/security/core/context/SecurityContextHolder\n	at org.apache.dubbo.rpc.cluster.support.FailoverClusterInvoker.doInvoke(FailoverClusterInvoker.java:126)\n	at org.apache.dubbo.rpc.cluster.support.AbstractClusterInvoker.invoke(AbstractClusterInvoker.java:366)\n	at org.apache.dubbo.rpc.cluster.router.RouterSnapshotFilter.invoke(RouterSnapshotFilter.java:46)\n	at org.apache.dubbo.rpc.cluster.filter.FilterChainBuilder$CopyOfFilterChainNode.invoke(FilterChainBuilder.java:349)\n	at org.apache.dubbo.monitor.support.MonitorFilter.invoke(MonitorFilter.java:109)\n	at org.apache.dubbo.rpc.cluster.filter.FilterChainBuilder$CopyOfFilterChainNode.invoke(FilterChainBuilder.java:349)\n	at org.apache.dubbo.rpc.cluster.filter.support.MetricsClusterFilter.invoke(MetricsClusterFilter.java:57)\n	at org.apache.dubbo.rpc.cluster.filter.FilterChainBuilder$CopyOfFilterChainNode.invoke(FilterChainBuilder.java:349)\n	at org.apache.dubbo.rpc.protocol.dubbo.filter.FutureFilter.invoke(FutureFilter.java:53)\n	at org.apache.dubbo.rpc.cluster.filter.FilterChainBuilder$CopyOfFilterChainNode.invoke(FilterChainBuilder.java:349)\n	at org.apache.dubbo.spring.security.filter.ContextHolderParametersSelectedTransferFilter.invoke(ContextHolderParametersSelectedTransferFilter.java:40)\n	at org.apache.dubbo.rpc.cluster.filter.FilterChainBuilder$CopyOfFilterChainNode.invoke(FilterChainBuilder.java:349)\n	at org.apache.dubbo.metrics.filter.MetricsFilter.invoke(MetricsFilter.java:86)\n	at org.apache.dubbo.rpc.cluster.filter.support.MetricsConsumerFilter.invoke(MetricsConsumerFilter.java:38)\n	at org.apache.dubbo.rpc.cluster.filter.FilterChainBuilder$CopyOfFilterChainNode.invoke(FilterChainBuilder.java:349)\n	at org.apache.dubbo.rpc.cluster.filter.support.ConsumerClassLoaderFilter.invoke(ConsumerClassLoaderFilter.java:40)\n	at org.apache.dubbo.rpc.cluster.filter.FilterChainBuilder$CopyOfFilterChainNode.invoke(FilterChainBuilder.java:349)\n	at org.apache.dubbo.tracing.filter.ObservationSenderFilter.invoke(ObservationSenderFilter.java:60)\n	at org.apache.dubbo.rpc.cluster.filter.FilterChainBuilder$CopyOfFilterChainNode.invoke(FilterChainBuilder.java:349)\n	at org.apache.dubbo.rpc.cluster.filter.support.ConsumerContextFilter.invoke(ConsumerContextFilter.java:119)\n	at org.apache.dubbo.rpc.cluster.filter.FilterChainBuilder$CopyOfFilterChainNode.invoke(FilterChainBuilder.java:349)\n	at org.apache.dubbo.rpc.cluster.filter.FilterChainBuilder$CallbackRegistrationInvoker.invoke(FilterChainBuilder.java:197)\n	at org.apache.dubbo.rpc.cluster.support.wrapper.AbstractCluster$ClusterFilterInvoker.invoke(AbstractCluster.java:101)\n	at org.apache.dubbo.rpc.cluster.support.wrapper.MockClusterInvoker.invoke(MockClusterInvoker.java:107)\n	at org.apache.dubbo.rpc.cluster.support.wrapper.ScopeClusterInvoker.invoke(ScopeClusterInvoker.java:171)\n	at org.apache.dubbo.registry.client.migration.MigrationInvoker.invoke(MigrationInvoker.java:294)\n	at org.apache.dubbo.rpc.proxy.InvocationUtil.invoke(InvocationUtil.java:64)\n	at org.apache.dubbo.rpc.proxy.InvokerInvocationHandler.invoke(InvokerInvocationHandler.java:81)\n	at com.jrmall.mall.ums.api.UmsMemberApiDubboProxy0.updateMemberStatus(UmsMemberApiDubboProxy0.java)\n	at java.base/jdk.internal.reflect.NativeMethodAccessorImpl.invoke0(Native Method)\n	at java.base/jdk.internal.reflect.NativeMethodAccessorImpl.invoke(NativeMethodAccessorImpl.java:77)\n	at java.base/jdk.internal.reflect.DelegatingMethodAccessorImpl.invoke(DelegatingMethodAccessorImpl.java:43)\n	at java.base/java.lang.reflect.Method.invoke(Method.java:568)\n	at org.apache.dubbo.config.spring.util.LazyTargetInvocationHandler.invoke(LazyTargetInvocationHandler.java:54)\n	at com.jrmall.mall.ums.api.UmsMemberApiDubboProxy0.updateMemberStatus(UmsMemberApiDubboProxy0.java)\n	at com.xxl.job.executor.handler.MallUmsJob.umsMemberStatusUpdateHandler(MallUmsJob.java:38)\n	... 6 more\nCaused by: java.lang.NoClassDefFoundError: org/springframework/security/core/context/SecurityContextHolder\n	at com.jrmall.pilates.common.dubbo.filter.ConsumerRpcFilter.getLoginUser(ConsumerRpcFilter.java:44)\n	at com.jrmall.pilates.common.dubbo.filter.ConsumerRpcFilter.invoke(ConsumerRpcFilter.java:32)\n	at org.apache.dubbo.rpc.cluster.filter.FilterChainBuilder$CopyOfFilterChainNode.invoke(FilterChainBuilder.java:349)\n	at org.apache.dubbo.rpc.cluster.filter.FilterChainBuilder$CallbackRegistrationInvoker.invoke(FilterChainBuilder.java:197)\n	at org.apache.dubbo.rpc.protocol.ReferenceCountInvokerWrapper.invoke(ReferenceCountInvokerWrapper.java:106)\n	at org.apache.dubbo.rpc.cluster.support.AbstractClusterInvoker.invokeWithContext(AbstractClusterInvoker.java:412)\n	at org.apache.dubbo.rpc.cluster.support.FailoverClusterInvoker.doInvoke(FailoverClusterInvoker.java:82)\n	... 41 more\nCaused by: java.lang.ClassNotFoundException: org.springframework.security.core.context.SecurityContextHolder\n	... 48 more\n',2),(62,3,9,'http://172.16.85.134:9099/','umsMemberStatusUpdate','{\"memberId\":1,\"status\":0}',NULL,0,1,'2025-07-11 17:29:31',200,'任务触发类型：失败重试触发<br>调度机器：172.16.85.134<br>执行器-注册方式：自动注册<br>执行器-地址列表：[http://172.16.85.134:9099/]<br>路由策略：最不经常使用<br>阻塞处理策略：单机串行<br>任务超时时间：0<br>失败重试次数：0<br><br><span style=\"color:#00c0ef;\" > &gt;&gt;&gt;&gt;&gt;&gt;&gt;&gt;&gt;&gt;触发调度&lt;&lt;&lt;&lt;&lt;&lt;&lt;&lt;&lt;&lt; </span><br>触发调度：<br>address：http://172.16.85.134:9099/<br>code：200<br>msg：Success','2025-07-11 17:29:31',500,'java.lang.reflect.InvocationTargetException\n	at java.base/jdk.internal.reflect.NativeMethodAccessorImpl.invoke0(Native Method)\n	at java.base/jdk.internal.reflect.NativeMethodAccessorImpl.invoke(NativeMethodAccessorImpl.java:77)\n	at java.base/jdk.internal.reflect.DelegatingMethodAccessorImpl.invoke(DelegatingMethodAccessorImpl.java:43)\n	at java.base/java.lang.reflect.Method.invoke(Method.java:568)\n	at com.xxl.job.core.handler.impl.MethodJobHandler.execute(MethodJobHandler.java:31)\n	at com.xxl.job.core.thread.JobThread.run(JobThread.java:166)\nCaused by: org.apache.dubbo.rpc.RpcException: Failed to invoke the method updateMemberStatus in the service com.jrmall.mall.ums.api.UmsMemberApi. Tried 1 times of the providers [172.16.85.134:20881] (1/1) from the registry 172.16.85.108:8848 on the consumer 172.16.85.134 using the dubbo version 3.3.4. Last error is: org/springframework/security/core/context/SecurityContextHolder\n	at org.apache.dubbo.rpc.cluster.support.FailoverClusterInvoker.doInvoke(FailoverClusterInvoker.java:126)\n	at org.apache.dubbo.rpc.cluster.support.AbstractClusterInvoker.invoke(AbstractClusterInvoker.java:366)\n	at org.apache.dubbo.rpc.cluster.router.RouterSnapshotFilter.invoke(RouterSnapshotFilter.java:46)\n	at org.apache.dubbo.rpc.cluster.filter.FilterChainBuilder$CopyOfFilterChainNode.invoke(FilterChainBuilder.java:349)\n	at org.apache.dubbo.monitor.support.MonitorFilter.invoke(MonitorFilter.java:109)\n	at org.apache.dubbo.rpc.cluster.filter.FilterChainBuilder$CopyOfFilterChainNode.invoke(FilterChainBuilder.java:349)\n	at org.apache.dubbo.rpc.cluster.filter.support.MetricsClusterFilter.invoke(MetricsClusterFilter.java:57)\n	at org.apache.dubbo.rpc.cluster.filter.FilterChainBuilder$CopyOfFilterChainNode.invoke(FilterChainBuilder.java:349)\n	at org.apache.dubbo.rpc.protocol.dubbo.filter.FutureFilter.invoke(FutureFilter.java:53)\n	at org.apache.dubbo.rpc.cluster.filter.FilterChainBuilder$CopyOfFilterChainNode.invoke(FilterChainBuilder.java:349)\n	at org.apache.dubbo.spring.security.filter.ContextHolderParametersSelectedTransferFilter.invoke(ContextHolderParametersSelectedTransferFilter.java:40)\n	at org.apache.dubbo.rpc.cluster.filter.FilterChainBuilder$CopyOfFilterChainNode.invoke(FilterChainBuilder.java:349)\n	at org.apache.dubbo.metrics.filter.MetricsFilter.invoke(MetricsFilter.java:86)\n	at org.apache.dubbo.rpc.cluster.filter.support.MetricsConsumerFilter.invoke(MetricsConsumerFilter.java:38)\n	at org.apache.dubbo.rpc.cluster.filter.FilterChainBuilder$CopyOfFilterChainNode.invoke(FilterChainBuilder.java:349)\n	at org.apache.dubbo.rpc.cluster.filter.support.ConsumerClassLoaderFilter.invoke(ConsumerClassLoaderFilter.java:40)\n	at org.apache.dubbo.rpc.cluster.filter.FilterChainBuilder$CopyOfFilterChainNode.invoke(FilterChainBuilder.java:349)\n	at org.apache.dubbo.tracing.filter.ObservationSenderFilter.invoke(ObservationSenderFilter.java:60)\n	at org.apache.dubbo.rpc.cluster.filter.FilterChainBuilder$CopyOfFilterChainNode.invoke(FilterChainBuilder.java:349)\n	at org.apache.dubbo.rpc.cluster.filter.support.ConsumerContextFilter.invoke(ConsumerContextFilter.java:119)\n	at org.apache.dubbo.rpc.cluster.filter.FilterChainBuilder$CopyOfFilterChainNode.invoke(FilterChainBuilder.java:349)\n	at org.apache.dubbo.rpc.cluster.filter.FilterChainBuilder$CallbackRegistrationInvoker.invoke(FilterChainBuilder.java:197)\n	at org.apache.dubbo.rpc.cluster.support.wrapper.AbstractCluster$ClusterFilterInvoker.invoke(AbstractCluster.java:101)\n	at org.apache.dubbo.rpc.cluster.support.wrapper.MockClusterInvoker.invoke(MockClusterInvoker.java:107)\n	at org.apache.dubbo.rpc.cluster.support.wrapper.ScopeClusterInvoker.invoke(ScopeClusterInvoker.java:171)\n	at org.apache.dubbo.registry.client.migration.MigrationInvoker.invoke(MigrationInvoker.java:294)\n	at org.apache.dubbo.rpc.proxy.InvocationUtil.invoke(InvocationUtil.java:64)\n	at org.apache.dubbo.rpc.proxy.InvokerInvocationHandler.invoke(InvokerInvocationHandler.java:81)\n	at com.jrmall.mall.ums.api.UmsMemberApiDubboProxy0.updateMemberStatus(UmsMemberApiDubboProxy0.java)\n	at java.base/jdk.internal.reflect.NativeMethodAccessorImpl.invoke0(Native Method)\n	at java.base/jdk.internal.reflect.NativeMethodAccessorImpl.invoke(NativeMethodAccessorImpl.java:77)\n	at java.base/jdk.internal.reflect.DelegatingMethodAccessorImpl.invoke(DelegatingMethodAccessorImpl.java:43)\n	at java.base/java.lang.reflect.Method.invoke(Method.java:568)\n	at org.apache.dubbo.config.spring.util.LazyTargetInvocationHandler.invoke(LazyTargetInvocationHandler.java:54)\n	at com.jrmall.mall.ums.api.UmsMemberApiDubboProxy0.updateMemberStatus(UmsMemberApiDubboProxy0.java)\n	at com.xxl.job.executor.handler.MallUmsJob.umsMemberStatusUpdateHandler(MallUmsJob.java:38)\n	... 6 more\nCaused by: java.lang.NoClassDefFoundError: org/springframework/security/core/context/SecurityContextHolder\n	at com.jrmall.pilates.common.dubbo.filter.ConsumerRpcFilter.getLoginUser(ConsumerRpcFilter.java:44)\n	at com.jrmall.pilates.common.dubbo.filter.ConsumerRpcFilter.invoke(ConsumerRpcFilter.java:32)\n	at org.apache.dubbo.rpc.cluster.filter.FilterChainBuilder$CopyOfFilterChainNode.invoke(FilterChainBuilder.java:349)\n	at org.apache.dubbo.rpc.cluster.filter.FilterChainBuilder$CallbackRegistrationInvoker.invoke(FilterChainBuilder.java:197)\n	at org.apache.dubbo.rpc.protocol.ReferenceCountInvokerWrapper.invoke(ReferenceCountInvokerWrapper.java:106)\n	at org.apache.dubbo.rpc.cluster.support.AbstractClusterInvoker.invokeWithContext(AbstractClusterInvoker.java:412)\n	at org.apache.dubbo.rpc.cluster.support.FailoverClusterInvoker.doInvoke(FailoverClusterInvoker.java:82)\n	... 41 more\nCaused by: java.lang.ClassNotFoundException: org.springframework.security.core.context.SecurityContextHolder\n	... 48 more\n',2),(63,3,9,'http://172.16.85.134:9099/','umsMemberStatusUpdate','{\"memberId\":1,\"status\":0}',NULL,1,1,'2025-07-11 17:41:55',200,'任务触发类型：Cron触发<br>调度机器：172.16.85.134<br>执行器-注册方式：自动注册<br>执行器-地址列表：[http://172.16.85.134:9099/]<br>路由策略：最不经常使用<br>阻塞处理策略：单机串行<br>任务超时时间：0<br>失败重试次数：1<br><br><span style=\"color:#00c0ef;\" > &gt;&gt;&gt;&gt;&gt;&gt;&gt;&gt;&gt;&gt;触发调度&lt;&lt;&lt;&lt;&lt;&lt;&lt;&lt;&lt;&lt; </span><br>触发调度：<br>address：http://172.16.85.134:9099/<br>code：200<br>msg：Success','2025-07-11 17:41:56',200,'会员状态更新任务执行完成',0),(64,3,10,'http://172.16.85.134:9099/','umsMemberStatusUpdate','{\"memberId\":1,\"status\":0}',NULL,1,1,'2025-07-11 17:43:55',200,'任务触发类型：Cron触发<br>调度机器：172.16.85.134<br>执行器-注册方式：自动注册<br>执行器-地址列表：[http://172.16.85.134:9099/]<br>路由策略：最不经常使用<br>阻塞处理策略：单机串行<br>任务超时时间：0<br>失败重试次数：1<br><br><span style=\"color:#00c0ef;\" > &gt;&gt;&gt;&gt;&gt;&gt;&gt;&gt;&gt;&gt;触发调度&lt;&lt;&lt;&lt;&lt;&lt;&lt;&lt;&lt;&lt; </span><br>触发调度：<br>address：http://172.16.85.134:9099/<br>code：200<br>msg：Success','2025-07-11 17:43:55',200,'会员状态更新任务执行完成',0);
/*!40000 ALTER TABLE `xxl_job_log` ENABLE KEYS */;
UNLOCK TABLES;

--
-- Table structure for table `xxl_job_log_report`
--

DROP TABLE IF EXISTS `xxl_job_log_report`;
/*!40101 SET @saved_cs_client     = @@character_set_client */;
/*!50503 SET character_set_client = utf8mb4 */;
CREATE TABLE `xxl_job_log_report` (
  `id` int NOT NULL AUTO_INCREMENT,
  `trigger_day` datetime DEFAULT NULL COMMENT '调度-时间',
  `running_count` int NOT NULL DEFAULT '0' COMMENT '运行中-日志数量',
  `suc_count` int NOT NULL DEFAULT '0' COMMENT '执行成功-日志数量',
  `fail_count` int NOT NULL DEFAULT '0' COMMENT '执行失败-日志数量',
  `update_time` datetime DEFAULT NULL,
  PRIMARY KEY (`id`),
  UNIQUE KEY `i_trigger_day` (`trigger_day`) USING BTREE
) ENGINE=InnoDB AUTO_INCREMENT=19 DEFAULT CHARSET=utf8mb4 COLLATE=utf8mb4_0900_ai_ci;
/*!40101 SET character_set_client = @saved_cs_client */;

--
-- Dumping data for table `xxl_job_log_report`
--

LOCK TABLES `xxl_job_log_report` WRITE;
/*!40000 ALTER TABLE `xxl_job_log_report` DISABLE KEYS */;
INSERT INTO `xxl_job_log_report` VALUES (1,'2025-06-24 00:00:00',0,0,0,NULL),(2,'2025-06-23 00:00:00',0,0,0,NULL),(3,'2025-06-22 00:00:00',0,0,0,NULL),(4,'2025-06-25 00:00:00',0,2,0,NULL),(5,'2025-06-26 00:00:00',0,0,10,NULL),(6,'2025-06-27 00:00:00',0,4,6,NULL),(7,'2025-06-30 00:00:00',0,2,1,NULL),(8,'2025-06-29 00:00:00',0,0,0,NULL),(9,'2025-06-28 00:00:00',0,0,0,NULL),(10,'2025-07-01 00:00:00',0,0,1,NULL),(11,'2025-07-02 00:00:00',0,0,1,NULL),(12,'2025-07-07 00:00:00',0,0,0,NULL),(13,'2025-07-06 00:00:00',0,0,0,NULL),(14,'2025-07-05 00:00:00',0,0,0,NULL),(15,'2025-07-08 00:00:00',0,2,1,NULL),(16,'2025-07-09 00:00:00',0,8,0,NULL),(17,'2025-07-10 00:00:00',0,2,1,NULL),(18,'2025-07-11 00:00:00',0,2,10,NULL);
/*!40000 ALTER TABLE `xxl_job_log_report` ENABLE KEYS */;
UNLOCK TABLES;

--
-- Table structure for table `xxl_job_logglue`
--

DROP TABLE IF EXISTS `xxl_job_logglue`;
/*!40101 SET @saved_cs_client     = @@character_set_client */;
/*!50503 SET character_set_client = utf8mb4 */;
CREATE TABLE `xxl_job_logglue` (
  `id` int NOT NULL AUTO_INCREMENT,
  `job_id` int NOT NULL COMMENT '任务，主键ID',
  `glue_type` varchar(50) DEFAULT NULL COMMENT 'GLUE类型',
  `glue_source` mediumtext COMMENT 'GLUE源代码',
  `glue_remark` varchar(128) NOT NULL COMMENT 'GLUE备注',
  `add_time` datetime DEFAULT NULL,
  `update_time` datetime DEFAULT NULL,
  PRIMARY KEY (`id`)
) ENGINE=InnoDB DEFAULT CHARSET=utf8mb4 COLLATE=utf8mb4_0900_ai_ci;
/*!40101 SET character_set_client = @saved_cs_client */;

--
-- Dumping data for table `xxl_job_logglue`
--

LOCK TABLES `xxl_job_logglue` WRITE;
/*!40000 ALTER TABLE `xxl_job_logglue` DISABLE KEYS */;
/*!40000 ALTER TABLE `xxl_job_logglue` ENABLE KEYS */;
UNLOCK TABLES;

--
-- Table structure for table `xxl_job_registry`
--

DROP TABLE IF EXISTS `xxl_job_registry`;
/*!40101 SET @saved_cs_client     = @@character_set_client */;
/*!50503 SET character_set_client = utf8mb4 */;
CREATE TABLE `xxl_job_registry` (
  `id` int NOT NULL AUTO_INCREMENT,
  `registry_group` varchar(50) NOT NULL,
  `registry_key` varchar(255) NOT NULL,
  `registry_value` varchar(255) NOT NULL,
  `update_time` datetime DEFAULT NULL,
  PRIMARY KEY (`id`),
  UNIQUE KEY `i_g_k_v` (`registry_group`,`registry_key`,`registry_value`) USING BTREE
) ENGINE=InnoDB AUTO_INCREMENT=2525 DEFAULT CHARSET=utf8mb4 COLLATE=utf8mb4_0900_ai_ci;
/*!40101 SET character_set_client = @saved_cs_client */;

--
-- Dumping data for table `xxl_job_registry`
--

LOCK TABLES `xxl_job_registry` WRITE;
/*!40000 ALTER TABLE `xxl_job_registry` DISABLE KEYS */;
INSERT INTO `xxl_job_registry` VALUES (2504,'EXECUTOR','xxl-job-executor-common','http://172.16.85.134:9099/','2025-07-11 17:49:40');
/*!40000 ALTER TABLE `xxl_job_registry` ENABLE KEYS */;
UNLOCK TABLES;

--
-- Table structure for table `xxl_job_user`
--

DROP TABLE IF EXISTS `xxl_job_user`;
/*!40101 SET @saved_cs_client     = @@character_set_client */;
/*!50503 SET character_set_client = utf8mb4 */;
CREATE TABLE `xxl_job_user` (
  `id` int NOT NULL AUTO_INCREMENT,
  `username` varchar(50) NOT NULL COMMENT '账号',
  `password` varchar(50) NOT NULL COMMENT '密码',
  `role` tinyint NOT NULL COMMENT '角色：0-普通用户、1-管理员',
  `permission` varchar(255) DEFAULT NULL COMMENT '权限：执行器ID列表，多个逗号分割',
  PRIMARY KEY (`id`),
  UNIQUE KEY `i_username` (`username`) USING BTREE
) ENGINE=InnoDB AUTO_INCREMENT=2 DEFAULT CHARSET=utf8mb4 COLLATE=utf8mb4_0900_ai_ci;
/*!40101 SET character_set_client = @saved_cs_client */;

--
-- Dumping data for table `xxl_job_user`
--

LOCK TABLES `xxl_job_user` WRITE;
/*!40000 ALTER TABLE `xxl_job_user` DISABLE KEYS */;
INSERT INTO `xxl_job_user` VALUES (1,'admin','e10adc3949ba59abbe56e057f20f883e',1,NULL);
/*!40000 ALTER TABLE `xxl_job_user` ENABLE KEYS */;
UNLOCK TABLES;

--
-- Dumping events for database 'xxl_job'
--

--
-- Dumping routines for database 'xxl_job'
--
/*!40103 SET TIME_ZONE=@OLD_TIME_ZONE */;

/*!40101 SET SQL_MODE=@OLD_SQL_MODE */;
/*!40014 SET FOREIGN_KEY_CHECKS=@OLD_FOREIGN_KEY_CHECKS */;
/*!40014 SET UNIQUE_CHECKS=@OLD_UNIQUE_CHECKS */;
/*!40101 SET CHARACTER_SET_CLIENT=@OLD_CHARACTER_SET_CLIENT */;
/*!40101 SET CHARACTER_SET_RESULTS=@OLD_CHARACTER_SET_RESULTS */;
/*!40101 SET COLLATION_CONNECTION=@OLD_COLLATION_CONNECTION */;
/*!40111 SET SQL_NOTES=@OLD_SQL_NOTES */;

-- Dump completed on 2025-07-14  9:45:21
